ACCELEROMETER X,ACCELEROMETER Y,ACCELEROMETER Z,GRAVITY X,GRAVITY Y,GRAVITY Z,LINEAR ACCELERATION X,LINEAR ACCELERATION Y,LINEAR ACCELERATION Z,GYROSCOPE X,GYROSCOPE Y,GYROSCOPE Z,LIGHT,MAGNETIC FIELD X,MAGNETIC FIELD Y,MAGNETIC FIELD Z,ORIENTATION Z,ORIENTATION X,ORIENTATION Y,PROXIMITY,SOUND LEVEL,LOCATION Latitude : ,LOCATION Longitude : ,LOCATION Altitude ( m),LOCATION Altitude-google ( m),LOCATION Speed ( Kmh),LOCATION Accuracy ( m),LOCATION ORIENTATION (°),Satellites in range,Time,YYYY-MO-DD HH-MI-SS_SSS
0.688,1.838,9.703,0.6864,1.7847,9.6184,0.0016,0.0533,0.0846,-3.37,0.52,14.23,1734,-31.23,71.99,-22.82,21.23,-10.49,-4.08,1,64.946,48° 9‘  48.6337‘‘ N,11° 33‘  31.4456‘‘ E,541.7,NaN,0,5.3,0,25-Aug,5,2018-11-08 11:27:38:894
1.092,2.097,10.277,0.5822,1.6163,9.655,0.5098,0.4807,0.622,6.77,16.75,13.25,1872,-28.52,74.06,-22.67,19.47,-9.2,-4.19,1,58.673,48° 9‘  48.6337‘‘ N,11° 33‘  31.4456‘‘ E,541.7,NaN,0,5.3,0,25-Aug,254,2018-11-08 11:27:39:143
-0.33,1.822,10.038,0.1426,1.9396,9.6119,-0.4036,-0.1636,0.2481,-0.99,18.01,3.87,2376,-24.54,76.33,-22.31,17.36,-11.41,-0.85,1,51.621,48° 9‘  48.6337‘‘ N,11° 33‘  31.4456‘‘ E,541.7,NaN,0,5.3,0,25-Aug,504,2018-11-08 11:27:39:393
-0.839,2.478,9.202,-0.1958,1.8745,9.6238,-0.6432,0.6035,-0.4218,0.83,12.41,3.66,2502,-22.55,77.17,-21.79,16.05,-11.49,-0.06,1,62.037,48° 9‘  48.6337‘‘ N,11° 33‘  31.4456‘‘ E,541.7,NaN,0,5.3,0,25-Aug,755,2018-11-08 11:27:39:644
-0.205,3.288,9.179,-0.1659,2.0827,9.5815,-0.0391,1.2053,-0.4025,3.41,-8.37,13.25,2428,-20.75,78.04,-21.43,14.84,-12.26,0.99,1,59.583,48° 9‘  48.6337‘‘ N,11° 33‘  31.4456‘‘ E,541.7,NaN,0,5.3,0,25-Aug,1005,2018-11-08 11:27:39:894
1.031,-0.139,11.687,0.5224,2.1996,9.5425,0.5086,-2.3386,2.1445,22.24,24.66,-1.86,1891,-20.12,78.08,-21.11,12.74,-13.48,-4.41,1,59.583,48° 9‘  48.6337‘‘ N,11° 33‘  31.4456‘‘ E,541.7,NaN,0,5.3,0,25-Aug,1255,2018-11-08 11:27:40:144
0.367,1.726,8.388,0.59,2.6535,9.4224,-0.223,-0.9275,-1.0344,-9.67,5.69,8.07,1776,-19.4,77.45,-21.31,12.39,-15.94,-3.71,1,51.629,48° 9‘  48.6337‘‘ N,11° 33‘  31.4456‘‘ E,541.7,NaN,0,5.3,0,25-Aug,1504,2018-11-08 11:27:40:393
1.32,2.732,11.423,0.3811,2.0896,9.5739,0.9389,0.6424,1.8491,-2.11,4.22,1.98,1813,-18.96,76.93,-21.11,13.23,-13.69,-0.64,1,62.709,48° 9‘  48.6337‘‘ N,11° 33‘  31.4456‘‘ E,541.7,NaN,0,5.3,0,25-Aug,1754,2018-11-08 11:27:40:643
2.078,-0.061,11.061,-0.4049,2.6152,9.4428,2.4829,-2.6762,1.6182,9.15,-4.8,10.17,1841,-18.52,75.97,-20.24,14.26,-15.55,2.66,1,57.329,48° 9‘  48.6337‘‘ N,11° 33‘  31.4353‘‘ E,541.7,NaN,0,5.3,0,25-Aug,2004,2018-11-08 11:27:40:893
0.035,2.348,7.908,-0.4106,2.9529,9.3425,0.4456,-0.6049,-1.4345,-28.08,-15.02,7.58,1668,-17.65,75.02,-19.04,13.93,-17.56,3.34,1,54.635,48° 9‘  48.6337‘‘ N,11° 33‘  31.4353‘‘ E,541.7,NaN,0,5.3,0,25-Aug,2255,2018-11-08 11:27:41:144
-0.999,2.392,11.046,-0.0151,2.432,9.5003,-0.9839,-0.04,1.5457,6.91,6.04,-4.87,1155,-16.77,72.98,-16.81,12.8,-14.36,0.09,1,54.635,48° 9‘  48.6337‘‘ N,11° 33‘  31.4353‘‘ E,541.7,NaN,0,5.3,0,25-Aug,2505,2018-11-08 11:27:41:394
0.519,1.464,9.085,0.1385,2.2,9.5557,0.3805,-0.736,-0.4707,-9.74,13.32,-12.99,823,-16.77,71.99,-14.66,12.63,-12.96,-1.87,1,52.042,48° 9‘  48.6337‘‘ N,11° 33‘  31.4353‘‘ E,541.7,NaN,0,5.3,0,25-Aug,2755,2018-11-08 11:27:41:644
-0.89,1.632,10.794,-0.1881,1.4134,9.7024,-0.7019,0.2186,1.0916,-27.94,-3.76,-2.84,773,-16.53,71.59,-11.39,13.3,-8.88,1.08,1,53.536,48° 9‘  48.6337‘‘ N,11° 33‘  31.4353‘‘ E,541.7,NaN,0,5.3,0,25-Aug,3004,2018-11-08 11:27:41:893
-0.532,0.347,9.122,-0.3091,1.117,9.7379,-0.2433,-0.5828,-1.5418,42.47,1.7,12.9,769,-16.37,71.55,-9.68,12.67,-6.14,1.87,1,67.878,48° 9‘  48.6337‘‘ N,11° 33‘  31.4353‘‘ E,541.7,NaN,0,5.3,0,25-Aug,3255,2018-11-08 11:27:42:144
-0.528,1.959,8.105,-0.0844,1.8019,9.6393,-0.4436,0.1571,-1.5343,7.61,-0.32,-7.04,803,-16.93,71.47,-8.44,13.46,-10.41,0.42,1,67.878,48° 9‘  48.6337‘‘ N,11° 33‘  31.4353‘‘ E,541.7,NaN,0,5.3,0,25-Aug,3505,2018-11-08 11:27:42:394
-0.059,2.426,10.907,0.027,1.7759,9.6445,-0.086,0.6501,1.2625,1.11,-29.72,-6.2,885,-18.08,71.79,-8.84,14.08,-10.64,0.98,1,67.805,48° 9‘  48.6337‘‘ N,11° 33‘  31.4353‘‘ E,541.7,NaN,0,5.3,0,25-Aug,3755,2018-11-08 11:27:42:644
0.055,1.257,7.7,0.6399,1.8736,9.6047,-0.5849,-0.6166,-1.9047,22.59,12.34,-1.86,931,-20.36,72.82,-11.15,14.48,-10.31,-4.3,1,68.094,48° 9‘  48.6337‘‘ N,11° 33‘  31.4285‘‘ E,541.7,NaN,0,5.4,0,25-Aug,4005,2018-11-08 11:27:42:894
0.428,2.789,8.863,-0.1144,2.1004,9.5784,0.5424,0.6886,-0.7154,-9.25,1.77,15.28,945,-21.31,73.26,-13.82,15.85,-12.53,0.38,1,66.741,48° 9‘  48.6337‘‘ N,11° 33‘  31.4285‘‘ E,541.7,NaN,0,5.4,0,25-Aug,4258,2018-11-08 11:27:43:147
-0.829,0.08,14.896,-0.5834,1.6171,9.6548,-0.2456,-1.5371,5.2412,-28.57,3.45,22.35,985,-20.92,74.18,-17.81,16.21,-10.47,3.41,1,66.741,48° 9‘  48.6337‘‘ N,11° 33‘  31.4285‘‘ E,541.7,NaN,0,5.4,0,25-Aug,4505,2018-11-08 11:27:43:394
-0.14,1.844,7.862,-0.2843,1.8842,9.6197,0.1443,-0.0402,-1.7577,-1.2,-13.76,1.43,975,-19.64,74.78,-19.72,15.13,-11.12,2.6,1,63.105,48° 9‘  48.6337‘‘ N,11° 33‘  31.4285‘‘ E,541.7,NaN,0,5.4,0,25-Aug,4755,2018-11-08 11:27:43:644
0.022,2.705,9.976,-0.0521,1.7197,9.6545,0.0741,0.9853,0.3215,-6.59,-18.38,-20.62,990,-16.26,75.1,-21.11,11.81,-10.14,0.56,1,63.895,48° 9‘  48.6337‘‘ N,11° 33‘  31.4285‘‘ E,541.7,NaN,0,5.4,0,25-Aug,5004,2018-11-08 11:27:43:893
0.84,1.288,8.401,0.2952,1.5212,9.6835,0.5448,-0.2332,-1.2825,25.32,5.41,-30.21,966,-14.63,74.19,-20.51,10.7,-7.7,-1.63,1,64.13,48° 9‘  48.6337‘‘ N,11° 33‘  31.4285‘‘ E,541.7,NaN,0,5.4,0,25-Aug,5254,2018-11-08 11:27:44:143
0.673,1.891,8.294,-0.1012,1.8445,9.6311,0.7742,0.0465,-1.3371,-4.21,9.12,-21.95,927,-13.71,71.4,-18.2,10.93,-10.93,0.37,1,64.13,48° 9‘  48.6337‘‘ N,11° 33‘  31.4285‘‘ E,541.7,NaN,0,5.4,0,25-Aug,5504,2018-11-08 11:27:44:393
-0.049,1.829,11.22,-0.2882,1.6594,9.6609,0.2392,0.1696,1.5591,5.72,12.76,-27.69,910,-14.63,70,-15.97,12.18,-9.69,1.65,1,65.107,48° 9‘  48.6337‘‘ N,11° 33‘  31.4285‘‘ E,541.7,NaN,0,5.4,0,25-Aug,5755,2018-11-08 11:27:44:644
0.537,0.662,9.52,-0.0104,1.7713,9.6454,0.5474,-1.1093,-0.1254,13.84,-16.56,-56.88,821,-19.33,68.97,-14.18,15.15,-10.3,0.24,1,61.946,48° 9‘  48.6337‘‘ N,11° 33‘  31.4388‘‘ E,541.7,NaN,0,5.5,0,25-Aug,6005,2018-11-08 11:27:44:894
-1.101,1.659,8.652,0.2652,1.9668,9.6037,-1.3662,-0.3078,-0.9517,-4,-13.69,-83.55,749,-23.83,67.93,-13.58,18.56,-11.6,-2.44,1,59.232,48° 9‘  48.6337‘‘ N,11° 33‘  31.4388‘‘ E,541.7,NaN,0,5.5,0,25-Aug,6255,2018-11-08 11:27:45:144
-1.287,-0.139,13.17,0.1816,1.6027,9.6731,-1.4686,-1.7417,3.4969,-28.29,-17.34,-65.28,664,-32.75,66.25,-13.94,25.85,-9.86,-1.15,1,67.178,48° 9‘  48.6337‘‘ N,11° 33‘  31.4388‘‘ E,541.7,NaN,0,5.5,0,25-Aug,6505,2018-11-08 11:27:45:394
0.293,1.242,7.65,0.692,1.5196,9.6634,-0.399,-0.2776,-2.0134,15.59,-2.63,-30.14,555,-38.05,65.53,-14.7,28.44,-8.3,-4.31,1,67.178,48° 9‘  48.6337‘‘ N,11° 33‘  31.4388‘‘ E,541.7,NaN,0,5.5,0,25-Aug,6755,2018-11-08 11:27:45:644
-0.173,1.782,8.459,0.418,1.8536,9.6208,-0.591,-0.0716,-1.1618,16.92,21.3,-0.81,526,-44.02,64.75,-16.21,32.77,-10.9,-2.49,1,66.977,48° 9‘  48.6337‘‘ N,11° 33‘  31.4628‘‘ E,541.7,NaN,0,5.5,0,25-Aug,7005,2018-11-08 11:27:45:894
-0.559,2.406,8.431,-0.269,2.4968,9.4797,-0.29,-0.0908,-1.0487,-17.37,3.03,9.68,517,-45.91,63.37,-16.93,35.25,-14.64,0.28,1,67.121,48° 9‘  48.6337‘‘ N,11° 33‘  31.4628‘‘ E,541.7,NaN,0,5.5,0,25-Aug,7255,2018-11-08 11:27:46:144
-1.194,2.277,6.112,-0.2316,1.5316,9.6835,-0.9624,0.7454,-3.5715,27.84,-7.6,-20.69,495,-47.23,59.19,-16.89,37.96,-8.98,1.37,1,66.461,48° 9‘  48.6337‘‘ N,11° 33‘  31.4628‘‘ E,541.7,NaN,0,5.5,0,25-Aug,7505,2018-11-08 11:27:46:394
-0.667,2.312,8.777,0.2263,2.1968,9.5548,-0.8933,0.1152,-0.7778,24.69,-16,-27.48,471,-47.96,56.23,-15.61,39.33,-11.73,-0.97,1,66.461,48° 9‘  48.6337‘‘ N,11° 33‘  31.4628‘‘ E,541.7,NaN,0,5.5,0,25-Aug,7755,2018-11-08 11:27:46:644
1.006,2.065,7.901,0.3776,1.3384,9.7076,0.6284,0.7266,-1.8066,-15.76,0.73,34.88,465,-49.03,51.95,-13.18,42.14,-7.84,-2.23,1,67.172,48° 9‘  48.6337‘‘ N,11° 33‘  31.4731‘‘ E,541.7,NaN,0,5.6,0,25-Aug,8005,2018-11-08 11:27:46:894
0.736,1.076,9.173,0.1619,1.42,9.7019,0.5741,-0.344,-0.5289,1.52,10.38,33.83,447,-50.02,50.15,-11.31,44.09,-8.36,-1.62,1,67.904,48° 9‘  48.6337‘‘ N,11° 33‘  31.4731‘‘ E,541.7,NaN,0,5.6,0,25-Aug,8255,2018-11-08 11:27:47:144
-0.184,0.681,13.485,0.2682,1.4298,9.6981,-0.4522,-0.7488,3.7869,-18.56,-24.05,-7.89,428,-52.34,48.63,-8.6,45.98,-8.38,-1.58,1,69.094,48° 9‘  48.6337‘‘ N,11° 33‘  31.4731‘‘ E,541.7,NaN,0,5.6,0,25-Aug,8504,2018-11-08 11:27:47:393
-0.4,1.657,7.831,0.1106,1.2288,9.7287,-0.5106,0.4282,-1.8977,9.71,1.56,2.62,418,-54.82,48.41,-6.65,48.5,-6.51,-0.79,1,68.51,48° 9‘  48.6337‘‘ N,11° 33‘  31.4731‘‘ E,541.7,NaN,0,5.6,0,25-Aug,8754,2018-11-08 11:27:47:643
-1.15,2.216,9.535,-0.0361,1.3013,9.7199,-1.1139,0.9147,-0.1849,-4.7,17.24,4.36,410,-58.56,48.37,-3.5,50.83,-7.63,0.21,1,68.51,48° 9‘  48.6337‘‘ N,11° 33‘  31.4937‘‘ E,541.7,NaN,0,5.7,0,25-Aug,9005,2018-11-08 11:27:47:894
1.11,1.514,9.852,0.0478,0.7406,9.7785,1.0622,0.7734,0.0735,-2.6,-2.77,19.62,396,-61.46,48.98,-2.43,51.23,-4.74,0.09,1,68.885,48° 9‘  48.6337‘‘ N,11° 33‘  31.4937‘‘ E,541.7,NaN,0,5.7,0,25-Aug,9254,2018-11-08 11:27:48:143
0.201,0.89,8.927,-0.0852,1.1605,9.7374,0.2862,-0.2705,-0.8104,9.22,11.29,17.24,394,-65.14,51.55,-1.35,51.5,-6.73,0.4,1,68.031,48° 9‘  48.6337‘‘ N,11° 33‘  31.4937‘‘ E,541.7,NaN,0,5.7,0,25-Aug,9505,2018-11-08 11:27:48:394
0.414,1.587,11.562,0.0161,0.9367,9.7618,0.3979,0.6503,1.8002,33.79,9.19,-4.18,385,-67.21,53.62,-1.83,51.16,-6.05,-0.25,1,67.89,48° 9‘  48.6337‘‘ N,11° 33‘  31.4937‘‘ E,541.7,NaN,0,5.7,0,25-Aug,9754,2018-11-08 11:27:48:643
0.071,1.216,6.283,-0.0326,1.064,9.7487,0.1036,0.152,-3.4657,20.98,-17.4,-13.9,371,-70.08,56.61,-4.06,50.81,-6.23,0.19,1,65.477,48° 9‘  48.6337‘‘ N,11° 33‘  31.5177‘‘ E,541.6,NaN,0,5.8,0,25-Aug,10004,2018-11-08 11:27:48:893
-0.698,1.165,11.148,0.0572,1.4048,9.7053,-0.7552,-0.2398,1.4427,-15.76,8.84,-24.82,376,-71.24,57.76,-6.17,50.5,-8.73,-1.05,1,65.477,48° 9‘  48.6337‘‘ N,11° 33‘  31.5177‘‘ E,541.6,NaN,0,5.8,0,25-Aug,10254,2018-11-08 11:27:49:143
0.891,1.275,9.192,-0.0435,0.6684,9.7837,0.9345,0.6066,-0.5917,-3.58,16.26,17.24,358,-72.67,58.84,-10.79,50.79,-3.91,0.25,1,67.774,48° 9‘  48.6337‘‘ N,11° 33‘  31.5177‘‘ E,541.6,NaN,0,5.8,0,25-Aug,10504,2018-11-08 11:27:49:393
1.899,1.203,8.741,-0.1391,1.093,9.7446,2.0381,0.11,-1.0036,2.29,-39.66,-0.6,348,-72.59,59.28,-13.78,50.96,-6.37,3.19,1,68.407,48° 9‘  48.6337‘‘ N,11° 33‘  31.5177‘‘ E,541.6,NaN,0,5.8,0,25-Aug,10754,2018-11-08 11:27:49:643
-0.235,2.114,11.584,0.2955,1.4011,9.7015,-0.5305,0.7129,1.8825,-2.11,-2.35,-34.69,358,-72.71,58.12,-18.25,50.22,-8.21,-1.74,1,68.622,48° 9‘  48.6200‘‘ N,11° 33‘  31.5349‘‘ E,541.6,NaN,0,5.9,0,25-Aug,11004,2018-11-08 11:27:49:893
-0.245,2.335,6.513,0.1576,1.1297,9.7401,-0.4026,1.2053,-3.2271,8.52,-15.37,-12.99,330,-72.94,55.61,-20.68,51.48,-6.05,-0.49,1,68.622,48° 9‘  48.6200‘‘ N,11° 33‘  31.5349‘‘ E,541.6,NaN,0,5.9,0,25-Aug,11255,2018-11-08 11:27:50:144
0.85,0.95,13.368,0.1793,1.5193,9.6866,0.6707,-0.5693,3.6814,-16.88,-7.39,-22.51,326,-71.99,51.15,-22.75,52.85,-9.32,-0.99,1,66.992,48° 9‘  48.6200‘‘ N,11° 33‘  31.5349‘‘ E,541.6,NaN,0,5.9,0,25-Aug,11505,2018-11-08 11:27:50:394
2.078,1.86,9.229,0.1188,0.865,9.7677,1.9592,0.995,-0.5387,-5.82,-4.18,-14.47,307,-69.56,48.2,-24.02,54.49,-5.71,0.47,1,64.773,48° 9‘  48.6200‘‘ N,11° 33‘  31.5349‘‘ E,541.6,NaN,0,5.9,0,25-Aug,11755,2018-11-08 11:27:50:644
1.375,1.839,8.216,-0.0736,1.7072,9.6566,1.4486,0.1318,-1.4406,9.43,-26.99,-31.47,303,-64.94,43.82,-23.62,54.18,-9.81,1.08,1,65.272,48° 9‘  48.6200‘‘ N,11° 33‘  31.5555‘‘ E,541.6,NaN,0,6,0,25-Aug,12005,2018-11-08 11:27:50:894
-2.358,0.083,15.013,-0.1627,1.2538,9.7248,-2.1953,-1.1708,5.2882,-2.81,15.28,-51.07,306,-60.25,39.74,-23.58,53.68,-8.75,-1.93,1,65.272,48° 9‘  48.6200‘‘ N,11° 33‘  31.5555‘‘ E,541.6,NaN,0,6,0,25-Aug,12255,2018-11-08 11:27:51:144
0.33,0.971,10.863,0.5456,1.2319,9.7137,-0.2156,-0.2609,1.1493,-26.75,-39.17,-68.29,289,-51.01,34.92,-23.38,52.63,-7.74,-2.66,1,62.472,48° 9‘  48.6200‘‘ N,11° 33‘  31.5555‘‘ E,541.6,NaN,0,6,0,25-Aug,12505,2018-11-08 11:27:51:394
0.376,0.412,10.805,0.4122,1.0603,9.7404,-0.0362,-0.6483,1.0646,-10.02,-45.05,-34.34,266,-43.48,33.77,-23.7,48.97,-6.8,-1.77,1,64.762,48° 9‘  48.6200‘‘ N,11° 33‘  31.5555‘‘ E,541.6,NaN,0,6,0,25-Aug,12755,2018-11-08 11:27:51:644
0.954,1.178,9.457,0.8427,0.925,9.7265,0.1113,0.253,-0.2695,-8.9,-2.63,-32.38,259,-33.04,33.73,-23.9,40.26,-5.41,-4.95,1,64.128,48° 9‘  48.6200‘‘ N,11° 33‘  31.5658‘‘ E,541.6,NaN,0,6.1,0,25-Aug,13004,2018-11-08 11:27:51:893
0.067,1.385,9.586,0.6508,1.1064,9.7223,-0.5838,0.2786,-0.1363,14.96,13.81,1.56,254,-28.03,34.72,-24.18,34.56,-5.86,-4.92,1,64.128,48° 9‘  48.6200‘‘ N,11° 33‘  31.5658‘‘ E,541.6,NaN,0,6.1,0,25-Aug,13255,2018-11-08 11:27:52:144
1.165,2.408,9.724,0.3467,1.9011,9.6144,0.8183,0.5069,0.1096,7.47,10.1,0.45,243,-22.13,36.23,-24.86,27.53,-11.07,-2.25,1,67.658,48° 9‘  48.6200‘‘ N,11° 33‘  31.5658‘‘ E,541.6,NaN,0,6.1,0,25-Aug,13505,2018-11-08 11:27:52:394
-1.625,1.355,10.283,-0.1379,1.6411,9.6674,-1.4871,-0.2861,0.6156,3.48,-14.25,-16.21,229,-20.36,37.45,-25.01,25.96,-10.47,-0.15,1,66.94,48° 9‘  48.6200‘‘ N,11° 33‘  31.5658‘‘ E,541.6,NaN,0,6.1,0,25-Aug,13754,2018-11-08 11:27:52:643
-0.725,1.523,7.8,-0.1702,1.5084,9.6885,-0.5548,0.0146,-1.8885,6.28,-3.4,-11.87,214,-20.08,38.57,-24.22,25.84,-8.71,0.98,1,64.307,48° 9‘  48.6200‘‘ N,11° 33‘  31.5829‘‘ E,541.6,NaN,0,6.2,0,25-Aug,14004,2018-11-08 11:27:52:893
-0.878,1.79,9.848,-0.0951,1.5964,9.6754,-0.7829,0.1936,0.1726,-13.52,-25.94,24.73,207,-21.28,37.85,-22.43,27.53,-9.51,1.04,1,59.565,48° 9‘  48.6200‘‘ N,11° 33‘  31.5829‘‘ E,541.6,NaN,0,6.2,0,25-Aug,14255,2018-11-08 11:27:53:144
2.075,1.715,7.715,0.4878,0.9743,9.7459,1.5872,0.7407,-2.0309,1.11,8.42,29.28,203,-25.12,36.16,-19.44,32.37,-5.68,-2.97,1,59.565,48° 9‘  48.6200‘‘ N,11° 33‘  31.5829‘‘ E,541.6,NaN,0,6.2,0,25-Aug,14505,2018-11-08 11:27:53:394
0.122,1.656,8.066,-0.5087,1.3603,9.6985,0.6307,0.2957,-1.6325,17.97,23.89,46.99,200,-26.73,35.72,-18.68,35.84,-7.08,1.36,1,57.655,48° 9‘  48.6200‘‘ N,11° 33‘  31.5829‘‘ E,541.6,NaN,0,6.2,0,25-Aug,14755,2018-11-08 11:27:53:644
0.105,3.32,10.009,-0.0617,1.7851,9.6426,0.1667,1.5349,0.3664,18.74,7.44,-16.98,196,-31.32,34.72,-15.73,39.8,-10.25,0.19,1,57.393,48° 9‘  48.6200‘‘ N,11° 33‘  31.6070‘‘ E,541.6,NaN,0,6.3,0,25-Aug,15005,2018-11-08 11:27:53:894
-0.699,2.048,7.116,-0.174,1.6688,9.6621,-0.525,0.3792,-2.5461,17.41,-18.73,7.79,195,-34.79,34.92,-13.94,44,-8.56,1.34,1,59.213,48° 9‘  48.6200‘‘ N,11° 33‘  31.6070‘‘ E,541.6,NaN,0,6.3,0,25-Aug,15255,2018-11-08 11:27:54:144
-0.543,3.486,7.99,0.2096,2.2586,9.5407,-0.7526,1.2274,-1.5507,3.27,-0.18,-19.43,181,-39.58,35.67,-11.27,46.46,-13.32,-1.26,1,58.842,48° 9‘  48.6200‘‘ N,11° 33‘  31.6070‘‘ E,541.6,NaN,0,6.3,0,25-Aug,15504,2018-11-08 11:27:54:393
1.067,2.34,8.322,-0.3484,1.4195,9.6971,1.4154,0.9205,-1.3751,-16.67,-5.22,39.29,179,-42.64,35.7,-10.19,49.55,-8.59,1.69,1,58.842,48° 9‘  48.6200‘‘ N,11° 33‘  31.6070‘‘ E,541.6,NaN,0,6.3,0,25-Aug,15755,2018-11-08 11:27:54:644
0.527,1.266,7.538,-0.3241,1.7555,9.6428,0.8511,-0.4895,-2.1048,14.26,10.66,27.53,175,-46.04,36.44,-10.19,51.43,-10.18,1.9,1,61.698,48° 9‘  48.6337‘‘ N,11° 33‘  31.6276‘‘ E,541.6,NaN,0,6.4,0,25-Aug,16004,2018-11-08 11:27:54:893
-0.764,1.172,13.598,0.0109,1.5613,9.6816,-0.7749,-0.3893,3.9164,-25.98,-8.44,-15.79,169,-47.86,36.56,-10.75,51.43,-9.4,0.06,1,61.452,48° 9‘  48.6337‘‘ N,11° 33‘  31.6276‘‘ E,541.6,NaN,0,6.4,0,25-Aug,16254,2018-11-08 11:27:55:143
-0.4,1.904,7.026,-0.2325,1.2306,9.7264,-0.1675,0.6734,-2.7004,16.71,6.39,-6.76,169,-51.04,37.28,-12.47,53.41,-7.02,1.27,1,62.687,48° 9‘  48.6337‘‘ N,11° 33‘  31.6276‘‘ E,541.6,NaN,0,6.4,0,25-Aug,16504,2018-11-08 11:27:55:393
-1.389,2.413,8.321,-0.5066,1.827,9.6216,-0.8824,0.586,-1.3006,-13.52,-4.94,2.97,151,-52.6,37.84,-14.34,53.65,-10.02,2.61,1,62.687,48° 9‘  48.6337‘‘ N,11° 33‘  31.6276‘‘ E,541.6,NaN,0,6.4,0,25-Aug,16755,2018-11-08 11:27:55:644
1.081,2.052,5.957,-0.4788,1.3382,9.7031,1.5598,0.7138,-3.7461,14.12,-1.93,24.94,146,-53.5,40.28,-19.2,52.23,-7.44,2.93,1,62.709,48° 9‘  48.6337‘‘ N,11° 33‘  31.6447‘‘ E,541.6,NaN,0,6.5,0,25-Jul,17004,2018-11-08 11:27:55:893
1.276,2.09,7.973,-0.7501,2.0762,9.555,2.0261,0.0138,-1.5819,23.57,9.68,16.61,138,-52.38,43.43,-23.02,49.28,-10.54,3.51,1,65.526,48° 9‘  48.6337‘‘ N,11° 33‘  31.6447‘‘ E,541.6,NaN,0,6.5,0,25-Jul,17254,2018-11-08 11:27:56:143
-2.876,1.441,13.357,0.0194,1.2232,9.73,-2.8954,0.2178,3.627,13.98,-3.76,-8.93,141,-46.45,47.85,-29.32,41.87,-7.17,-0.11,1,68.334,48° 9‘  48.6337‘‘ N,11° 33‘  31.6447‘‘ E,541.6,NaN,0,6.5,0,25-Jul,17504,2018-11-08 11:27:56:393
-0.661,1.461,6.837,0.3197,1.9629,9.6029,-0.9807,-0.5019,-2.7659,20.07,5.97,-17.76,149,-41.15,51.47,-34.34,35.04,-9.59,-2.56,1,67.512,48° 9‘  48.6337‘‘ N,11° 33‘  31.6447‘‘ E,541.6,NaN,0,6.5,0,25-Jul,17755,2018-11-08 11:27:56:644
0.483,3.755,13.678,0.2949,1.714,9.6512,0.1881,2.041,4.0268,-6.1,13.25,39.36,146,-29.72,55.58,-40.95,24.7,-10.07,-1.75,1,67.512,48° 9‘  48.6337‘‘ N,11° 33‘  31.6722‘‘ E,541.6,NaN,0,6.6,0,25-Jul,18004,2018-11-08 11:27:56:893
0.726,2.049,6.454,0.074,1.6511,9.6664,0.652,0.3979,-3.2124,27.21,7.02,15.91,143,-19.48,57.49,-43.66,16.49,-8.42,-0.51,1,67.243,48° 9‘  48.6337‘‘ N,11° 33‘  31.6722‘‘ E,541.6,NaN,0,6.6,0,25-Jul,18254,2018-11-08 11:27:57:143
1.71,0.779,13.732,0.1947,1.7944,9.6391,1.5153,-1.0154,4.0929,-36.34,-12.85,-13.69,146,-3.75,56.81,-43.7,2.98,-11.56,-0.83,1,67.325,48° 9‘  48.6337‘‘ N,11° 33‘  31.6722‘‘ E,541.6,NaN,0,6.6,0,25-Jul,18504,2018-11-08 11:27:57:393
0.635,2.129,9.25,-0.188,1.8597,9.6269,0.823,0.2693,-0.3769,-12.47,22.42,5.06,154,5.95,54.44,-41.47,354.14,-10.27,-0.28,1,67.515,48° 9‘  48.6337‘‘ N,11° 33‘  31.6722‘‘ E,541.6,NaN,0,6.6,0,25-Jul,18754,2018-11-08 11:27:57:643
-1.544,2.27,8.634,-0.0922,2.1641,9.5644,-1.4518,0.1059,-0.9304,2.15,-1.58,-40.43,175,16.97,49.12,-34.78,343.18,-12.75,0.34,1,67.515,48° 9‘  48.6337‘‘ N,11° 33‘  31.6997‘‘ E,541.6,NaN,0,6.8,0,25-Jun,19005,2018-11-08 11:27:57:894
2.065,0.018,17.027,0.0419,1.5814,9.6782,2.0231,-1.5634,7.3488,-24.65,-11.87,-9.21,213,21.83,44.39,-29.2,335.03,-12.27,-1.65,1,68.317,48° 9‘  48.6337‘‘ N,11° 33‘  31.6997‘‘ E,541.6,NaN,0,6.8,0,25-Jun,19255,2018-11-08 11:27:58:144
0.669,1.565,8.902,0.3361,1.5911,9.6709,0.3329,-0.0261,-0.7689,5.86,2.82,-39.87,290,23.99,39.01,-20.83,329.33,-9.3,-2.09,1,66.564,48° 9‘  48.6337‘‘ N,11° 33‘  31.6997‘‘ E,541.6,NaN,0,6.8,0,25-Jun,19505,2018-11-08 11:27:58:394
0.753,2.876,11.804,0.3346,1.6455,9.6618,0.4184,1.2305,2.1422,1.24,-2.63,-11.1,316,21.74,36.31,-17.13,329.72,-9.76,-1.2,1,68.889,48° 9‘  48.6337‘‘ N,11° 33‘  31.6997‘‘ E,541.6,NaN,0,6.8,0,25-Jun,19755,2018-11-08 11:27:58:644
-1.262,1.161,8.543,-0.0294,2.0215,9.596,-1.2326,-0.8605,-1.053,13,-0.89,-4.1,323,16.31,34.32,-13.1,336,-11.69,0.02,1,66.326,48° 9‘  48.6337‘‘ N,11° 33‘  31.7168‘‘ E,541.6,NaN,0,6.9,0,25-Apr,20005,2018-11-08 11:27:58:894
-1.582,2.521,9.203,0.1398,1.8199,9.6353,-1.7218,0.7011,-0.4323,-9.18,4.15,2.82,333,11.63,34.03,-12.39,340.97,-11.32,-1.41,1,66.326,48° 9‘  48.6337‘‘ N,11° 33‘  31.7168‘‘ E,541.6,NaN,0,6.9,0,25-Apr,20255,2018-11-08 11:27:59:144
0.033,1.781,11.868,0.5909,1.8112,9.6198,-0.5579,-0.0302,2.2482,-14.64,-22.3,7.86,332,3.39,35.13,-13.1,354.18,-10.83,-3.33,1,64.138,48° 9‘  48.6337‘‘ N,11° 33‘  31.7168‘‘ E,541.6,NaN,0,6.9,0,25-Apr,20505,2018-11-08 11:27:59:394
-0.16,1.023,8.799,0.4492,1.583,9.6676,-0.5971,-0.5831,-0.7044,10.2,20.74,39.99,329,-1.42,35.96,-13.86,0.05,-9.23,-3.94,1,63.622,48° 9‘  48.6337‘‘ N,11° 33‘  31.7168‘‘ E,541.6,NaN,0,6.9,0,25-Apr,20755,2018-11-08 11:27:59:644
0.263,1.417,11.081,-0.0594,1.358,9.712,0.3224,0.059,1.369,-12.26,23.75,64.63,318,-6.95,36.11,-14.54,10.51,-8.21,0.04,1,63.195,48° 9‘  48.6337‘‘ N,11° 33‘  31.7168‘‘ E,541.6,NaN,0,6.9,0,0 / 25,21005,2018-11-08 11:27:59:894
-0.363,-0.198,9.945,-0.4521,1.183,9.7245,0.0891,-1.381,0.2205,24.9,18.08,106.9,280,-10.45,35.99,-14.7,15.78,-7.53,2.42,1,63.195,48° 9‘  48.6337‘‘ N,11° 33‘  31.7168‘‘ E,541.6,NaN,0,6.9,0,0 / 25,21257,2018-11-08 11:28:00:146
-0.206,1.307,8.789,-0.285,1.6509,9.6625,0.079,-0.3439,-0.8735,27.7,-4.03,87.24,263,-16.86,36.38,-15.05,24.86,-9.18,2.08,1,58.109,48° 9‘  48.6337‘‘ N,11° 33‘  31.7168‘‘ E,541.6,NaN,0,6.9,0,0 / 25,21505,2018-11-08 11:28:00:394
1.454,2.359,10.323,-0.0449,2.0123,9.5979,1.4989,0.3467,0.7251,2.99,-33.29,26.83,265,-21.89,37.26,-15.38,30.19,-11.71,2.83,1,69.419,48° 9‘  48.6337‘‘ N,11° 33‘  31.7168‘‘ E,541.6,NaN,0,6.9,0,0 / 25,21755,2018-11-08 11:28:00:644
-0.5,1.242,9.977,0.5953,2.3346,9.5061,-1.0953,-1.0926,0.4709,16.43,19.83,70.23,276,-28.46,39.65,-14.66,32.23,-13.77,-3.58,1,68.329,48° 9‘  48.5788‘‘ N,11° 33‘  31.8851‘‘ E,541.6,NaN,0,7.1,0,25-Apr,22005,2018-11-08 11:28:00:894
0.39,1.55,10.082,-0.1681,2.2253,9.5494,0.5581,-0.6753,0.5326,-4.56,57.56,110.34,245,-32.29,41.4,-14.1,36.15,-13.56,-1.39,1,68.329,48° 9‘  48.5788‘‘ N,11° 33‘  31.8851‘‘ E,541.6,NaN,0,7.1,0,25-Apr,22254,2018-11-08 11:28:01:143
1.415,2.308,9.355,0.0997,2.5095,9.4796,1.3153,-0.2015,-0.1246,12.44,12.83,60.43,236,-36.04,45.58,-13.22,36.83,-14.83,-0.6,1,64.151,48° 9‘  48.5788‘‘ N,11° 33‘  31.8851‘‘ E,541.6,NaN,0,7.1,0,25-Apr,22504,2018-11-08 11:28:01:393
-0.336,1.803,9.981,0.2112,2.5828,9.4581,-0.5472,-0.7798,0.5229,6.84,32.71,42.93,240,-37.75,48.73,-12.98,36.27,-15.66,-2.19,1,60.451,48° 9‘  48.5788‘‘ N,11° 33‘  31.8851‘‘ E,541.6,NaN,0,7.1,0,25-Apr,22754,2018-11-08 11:28:01:643
-2.081,1.764,9.926,0.0662,2.5786,9.4613,-2.1472,-0.8146,0.4647,12.72,12.55,74.99,239,-38.34,53.66,-12.62,34.28,-15.11,-0.45,1,66.975,48° 9‘  48.5513‘‘ N,11° 33‘  31.9984‘‘ E,541.6,NaN,0,7.3,0,25-Apr,23004,2018-11-08 11:28:01:893
0.446,1.065,9.935,0.09,2.543,9.4708,0.356,-1.478,0.4642,-1.69,47.13,120.48,242,-37.46,56.77,-12.55,32.08,-15.55,-1.14,1,66.975,48° 9‘  48.5513‘‘ N,11° 33‘  31.9984‘‘ E,541.6,NaN,0,7.3,0,25-Apr,23254,2018-11-08 11:28:02:143
0.121,1.139,11.647,-0.5451,1.9093,9.6035,0.6661,-0.7703,2.0435,-19.75,-4.24,137.08,245,-34.47,60.79,-13.78,29.31,-11.64,3.84,1,66.771,48° 9‘  48.5513‘‘ N,11° 33‘  31.9984‘‘ E,541.6,NaN,0,7.3,0,25-Apr,23504,2018-11-08 11:28:02:393
-0.12,1.361,9.158,-0.2269,2.2615,9.5396,0.1069,-0.9005,-0.3816,3.48,5.83,81.71,265,-30.99,63.66,-14.9,25.71,-12.73,2.11,1,65.815,48° 9‘  48.5513‘‘ N,11° 33‘  31.9984‘‘ E,541.6,NaN,0,7.3,0,25-Apr,23754,2018-11-08 11:28:02:643
0.67,1.349,8.98,-0.1198,2.3195,9.5276,0.7898,-0.9705,-0.5476,11.81,35.86,63.3,288,-24.92,65.7,-16.65,20.29,-13.55,0.57,1,66.186,48° 9‘  48.5239‘‘ N,11° 33‘  32.1391‘‘ E,541.6,NaN,0,7.4,0,25-Apr,24005,2018-11-08 11:28:02:894
0.928,1.37,9.278,0.1535,2.1308,9.5711,0.7745,-0.7608,-0.2931,1.04,21.44,53.08,309,-20.24,66.02,-17.57,15.97,-12.68,-1.28,1,66.756,48° 9‘  48.5239‘‘ N,11° 33‘  32.1391‘‘ E,541.6,NaN,0,7.4,0,25-Apr,24254,2018-11-08 11:28:03:143
2.9,1.346,9.774,0.3963,1.8139,9.6293,2.5037,-0.4679,0.1447,8.94,17.17,-53.94,317,-13.22,65.26,-19.4,10.18,-10.59,-2.62,1,66.756,48° 9‘  48.5239‘‘ N,11° 33‘  32.1391‘‘ E,541.6,NaN,0,7.4,0,25-Apr,24504,2018-11-08 11:28:03:393
-0.355,-0.852,11.115,-0.4449,1.9257,9.6054,0.0899,-2.7777,1.5096,19.93,-56.95,-112.88,294,-8.78,65.03,-20.08,8.8,-12.76,4.29,1,65.671,48° 9‘  48.5239‘‘ N,11° 33‘  32.1391‘‘ E,541.6,NaN,0,7.4,0,25-Apr,24754,2018-11-08 11:28:03:643
-0.063,0.28,10.953,1.0696,1.6414,9.609,-1.1326,-1.3614,1.3441,-25.63,-32.59,-121.63,329,-4.18,65.43,-20.75,1.4,-9.64,-6.35,1,63.463,48° 9‘  48.3728‘‘ N,11° 33‘  32.6781‘‘ E,541.6,NaN,0,7.5,0,25-Apr,25005,2018-11-08 11:28:03:894
0.109,0.572,10.791,0.8488,1.8452,9.594,-0.7398,-1.2732,1.197,-7.78,-24.89,-63.46,322,-4.22,66.46,-21.03,1.96,-10.67,-4.46,1,66.19,48° 9‘  48.3728‘‘ N,11° 33‘  32.6781‘‘ E,541.6,NaN,0,7.5,0,25-Apr,25255,2018-11-08 11:28:04:144
-0.095,1.013,10.136,0.6469,1.3374,9.6935,-0.7419,-0.3244,0.4425,-20.24,15.98,-33.22,308,-7.85,68.29,-21.59,5.11,-8.3,-4.36,1,67.493,48° 9‘  48.3728‘‘ N,11° 33‘  32.6781‘‘ E,541.6,NaN,0,7.5,0,25-Apr,25505,2018-11-08 11:28:04:394
0.308,1.26,9.651,0.5977,1.0235,9.7348,-0.2897,0.2365,-0.0838,-4.42,6.88,-29.65,291,-11.67,70.08,-21.63,8.24,-6.06,-4.03,1,67.493,48° 9‘  48.3728‘‘ N,11° 33‘  32.6781‘‘ E,541.6,NaN,0,7.5,0,25-Apr,25755,2018-11-08 11:28:04:644
0.766,1.182,11.927,0.1807,1.1359,9.739,0.5853,0.0461,2.188,-1.55,2.61,1.36,270,-18.08,73.31,-21.63,13.17,-6.73,-1.11,1,64.351,48° 9‘  48.3316‘‘ N,11° 33‘  32.8567‘‘ E,541.6,NaN,0,7.6,0,25-Apr,26005,2018-11-08 11:28:04:894
-1.38,1.917,8.088,0.1547,2.1831,9.5593,-1.5347,-0.2661,-1.4713,33.16,-25.38,-6.48,265,-22.49,74.3,-21.43,15.97,-9.91,-0.27,1,63.547,48° 9‘  48.3316‘‘ N,11° 33‘  32.8567‘‘ E,541.6,NaN,0,7.6,0,25-Apr,26255,2018-11-08 11:28:05:144
-1.067,1.888,9.658,-0.1915,1.9729,9.6042,-0.8755,-0.0849,0.0538,-14.85,5.62,5.06,244,-28.21,73.5,-21.63,20.32,-11.61,1.14,1,60.787,48° 9‘  48.3316‘‘ N,11° 33‘  32.8567‘‘ E,541.6,NaN,0,7.6,0,25-Apr,26504,2018-11-08 11:28:05:393
-1.196,0.852,11.327,0.225,1.6413,9.6657,-1.421,-0.7893,1.6613,-21.22,-8.51,-14.67,251,-30.35,71.99,-21.19,21.8,-11.08,-0.31,1,60.787,48° 9‘  48.3316‘‘ N,11° 33‘  32.8567‘‘ E,541.6,NaN,0,7.6,0,25-Apr,26754,2018-11-08 11:28:05:643
-1.037,0.296,10.361,0.2297,1.6447,9.665,-1.2667,-1.3487,0.696,-12.68,6.11,-4.73,252,-31.95,69.56,-20.8,23.43,-9.65,-1.36,1,65.715,48° 9‘  48.3041‘‘ N,11° 33‘  33.0283‘‘ E,541.4,NaN,0,8,0,25-Mar,27005,2018-11-08 11:28:05:894
0.205,1.073,11.16,0.1702,1.4138,9.7027,0.1065,-0.4443,1.6994,7.61,0.37,43.91,256,-32.35,67.88,-20.24,24.23,-8.38,-1.05,1,67.378,48° 9‘  48.3041‘‘ N,11° 33‘  33.0283‘‘ E,541.4,NaN,0,8,0,25-Mar,27254,2018-11-08 11:28:06:143
-0.227,0.478,10.949,0.1062,1.3727,9.7095,-0.3332,-0.8947,1.2395,-32.49,1.29,39.15,258,-32.51,66.05,-19.84,25.64,-8.84,-0.57,1,67.081,48° 9‘  48.3041‘‘ N,11° 33‘  33.0283‘‘ E,541.4,NaN,0,8,0,25-Mar,27505,2018-11-08 11:28:06:394
-0.354,1.917,10.349,-0.1982,0.8729,9.7657,-0.1558,1.0441,0.5833,-36.13,-1.79,26.2,262,-32.03,65.69,-19.52,25.5,-6.18,0.86,1,67.081,48° 9‘  48.3041‘‘ N,11° 33‘  33.0283‘‘ E,541.4,NaN,0,8,0,25-Mar,27755,2018-11-08 11:28:06:644
-0.367,1.244,11.519,-1.0957,0.5764,9.7282,0.7287,0.6676,1.7908,10.83,-4.03,62.74,272,-30.71,67.17,-19.12,25.91,-3.37,6.43,1,68.108,48° 9‘  48.2492‘‘ N,11° 33‘  33.2172‘‘ E,541.3,NaN,0,8,0,25-Mar,28004,2018-11-08 11:28:06:893
-0.072,1.1,8.754,-0.8794,1.3657,9.6712,0.8074,-0.2657,-0.9172,1.11,-7.25,23.75,268,-28.88,68.17,-19,23.97,-7.44,6.23,1,67.269,48° 9‘  48.2492‘‘ N,11° 33‘  33.2172‘‘ E,541.3,NaN,0,8,0,25-Mar,28255,2018-11-08 11:28:07:144
-0.25,0.436,9.738,-0.6349,0.6247,9.7661,0.3849,-0.1887,-0.0281,-3.44,20.46,18.15,282,-25.57,70.04,-18.96,20.96,-3.65,3.72,1,69.013,48° 9‘  48.2492‘‘ N,11° 33‘  33.2172‘‘ E,541.3,NaN,0,8,0,25-Mar,28504,2018-11-08 11:28:07:393
1.588,0.591,10.467,0.1075,0.8386,9.7701,1.4805,-0.2476,0.6969,14.26,-5.85,-6.55,293,-23.14,71.59,-19.04,17.61,-4.38,0.73,1,67.69,48° 9‘  48.2492‘‘ N,11° 33‘  33.2172‘‘ E,541.3,NaN,0,8,0,25-Mar,28755,2018-11-08 11:28:07:644
0.206,1.288,8.325,0.4261,1.2235,9.7207,-0.2201,0.0645,-1.3957,1.11,-9.98,-3.68,293,-19.64,73.15,-19.56,14.29,-7.17,-2.51,1,67.69,48° 9‘  48.2217‘‘ N,11° 33‘  33.4094‘‘ E,541.3,NaN,0,8,0,25-Mar,29005,2018-11-08 11:28:07:894
1.061,1.434,10.016,0.4725,1.2509,9.7151,0.5885,0.1831,0.3009,5.09,9.26,-5.29,292,-18.16,73.94,-19.96,12.46,-6.92,-3.37,1,64.988,48° 9‘  48.2217‘‘ N,11° 33‘  33.4094‘‘ E,541.3,NaN,0,8,0,25-Mar,29254,2018-11-08 11:28:08:143
0.196,1.751,8.866,-0.1115,1.4198,9.7027,0.3075,0.3312,-0.8367,3.48,-1.58,4.57,274,-16.49,74.06,-20.63,12.03,-8.32,0.66,1,67.373,48° 9‘  48.2217‘‘ N,11° 33‘  33.4094‘‘ E,541.3,NaN,0,8,0,25-Mar,29505,2018-11-08 11:28:08:394
0.47,1.136,9.651,0.022,1.2977,9.7204,0.448,-0.1617,-0.0694,3.34,-1.37,-1.58,268,-15.85,74.1,-20.75,11.88,-7.89,0.05,1,67.906,48° 9‘  48.2217‘‘ N,11° 33‘  33.4094‘‘ E,541.3,NaN,0,8,0,25-Mar,29755,2018-11-08 11:28:08:644
-0.537,1.139,11.839,0.4154,0.8781,9.7584,-0.9524,0.2609,2.0806,-17.37,-26.99,-4.94,289,-15.73,74.06,-21.03,11.28,-5.14,-2.44,1,66.467,48° 9‘  48.1805‘‘ N,11° 33‘  33.5983‘‘ E,541.4,NaN,0,8,0,25-Mar,30004,2018-11-08 11:28:08:893
-0.714,1.023,8.118,0.1766,1.4167,9.7022,-0.8906,-0.3937,-1.5842,-5.61,6.46,-16.49,261,-16.37,74.02,-20.99,11.32,-7.72,-1.99,1,66.467,48° 9‘  48.1805‘‘ N,11° 33‘  33.5983‘‘ E,541.4,NaN,0,8,0,25-Mar,30254,2018-11-08 11:28:09:143
0.013,1.39,10.481,-0.089,0.8688,9.7677,0.102,0.5212,0.7133,6.42,7.23,34.46,273,-17.09,73.86,-20.92,12.82,-5.08,0.52,1,67.048,48° 9‘  48.1805‘‘ N,11° 33‘  33.5983‘‘ E,541.4,NaN,0,8,0,25-Mar,30505,2018-11-08 11:28:09:394
0.923,1.053,9.3,-0.2587,1.1784,9.7322,1.1817,-0.1254,-0.4322,10.2,6.67,25.85,265,-16.89,73.82,-20.47,13.07,-6.44,1.68,1,63.725,48° 9‘  48.1805‘‘ N,11° 33‘  33.5983‘‘ E,541.4,NaN,0,8,0,25-Mar,30755,2018-11-08 11:28:09:644
-0.472,1.637,8.951,-0.139,1.2325,9.7279,-0.333,0.4045,-0.7769,11.11,7.51,-4.66,265,-16.65,73.62,-20.44,12.79,-6.97,0.63,1,66.811,48° 9‘  48.1119‘‘ N,11° 33‘  33.8695‘‘ E,542,NaN,5.39,8,114.99,25-Mar,31005,2018-11-08 11:28:09:894
-2.315,1.604,14.17,-0.9946,1.5223,9.6366,-1.3204,0.0817,4.5334,24.9,104.25,55.46,263,-16.61,73.62,-20.2,13.27,-8.29,2.7,1,66.811,48° 9‘  48.1119‘‘ N,11° 33‘  33.8695‘‘ E,542,NaN,5.39,8,114.99,25-Mar,31255,2018-11-08 11:28:10:144
-3.375,-1.087,10.054,0.1151,0.9253,9.7622,-3.4901,-2.0123,0.2918,-72.74,-100.21,2.76,261,-15.34,72.82,-20.24,11.2,-5.41,-0.68,1,67.024,48° 9‘  48.1119‘‘ N,11° 33‘  33.8695‘‘ E,542,NaN,5.39,8,114.99,25-Mar,31505,2018-11-08 11:28:10:394
0.738,0.092,-0.033,-0.6388,2.4168,9.4827,1.3768,-2.3248,-9.5157,93.08,-34.97,23.4,238,-14.02,72.35,-20.27,11.42,-8.27,2.78,1,66.349,48° 9‘  48.1119‘‘ N,11° 33‘  33.8695‘‘ E,542,NaN,5.39,8,114.99,25-Mar,31754,2018-11-08 11:28:10:643
-2.315,2.884,19.843,-1.4721,2.8596,9.2642,-0.8429,0.0244,10.5788,-72.39,71.28,4.08,256,-11.34,70.12,-20.12,10.97,-16.95,9.03,1,64.206,48° 9‘  48.1119‘‘ N,11° 33‘  33.8695‘‘ E,542,NaN,5.39,8,114.99,0 / 25,32006,2018-11-08 11:28:10:895
-1.319,2.228,8.08,-0.82,0.4629,9.7613,-0.499,1.7651,-1.6813,-104.94,62.81,-34.97,255,-9.34,69.25,-20.08,9.27,-7.52,7.6,1,65.139,48° 9‘  48.1119‘‘ N,11° 33‘  33.8695‘‘ E,542,NaN,5.39,8,114.99,0 / 25,32254,2018-11-08 11:28:11:143
1.114,0.762,0.793,-1.1848,1.6797,9.5888,2.2988,-0.9177,-8.7958,51.99,19.9,14.02,242,-8.11,68.97,-19.76,8.23,-8.86,6.72,1,65.139,48° 9‘  48.1119‘‘ N,11° 33‘  33.8695‘‘ E,542,NaN,5.39,8,114.99,0 / 25,32504,2018-11-08 11:28:11:393
-2.105,1.924,17.01,-1.6355,2.3565,9.3778,-0.4695,-0.4325,7.6322,-64.13,105.86,-82.71,255,-6.73,67.9,-19.8,7.49,-15.99,6.7,1,59.604,48° 9‘  48.1119‘‘ N,11° 33‘  33.8695‘‘ E,542,NaN,5.39,8,114.99,0 / 25,32754,2018-11-08 11:28:11:643
-1.418,0.073,6.004,-2.0577,0.1727,9.5868,0.6397,-0.0997,-3.5828,-23.32,42.58,-31.4,266,-5.77,68.22,-19.16,8.04,-1.24,11.47,1,46.846,48° 9‘  48.1119‘‘ N,11° 33‘  33.8695‘‘ E,542,NaN,5.39,8,114.99,0 / 25,33004,2018-11-08 11:28:11:893
-1.527,0.21,1.713,-3.1791,0.3885,9.2689,1.6521,-0.1785,-7.5559,24.83,-53.59,5.34,288,-4.68,68.62,-18.92,9.12,-1.08,19.75,1,58.477,48° 9‘  48.1119‘‘ N,11° 33‘  33.8695‘‘ E,542,NaN,5.39,8,114.99,0 / 25,33254,2018-11-08 11:28:12:143
-8.457,-2.026,19.871,-1.7769,0.8739,9.6047,-6.6801,-2.8999,10.2663,5.16,38.17,-50.37,273,-0.94,61.94,-13.27,3.05,-5.11,10.48,1,58.477,48° 9‘  48.1119‘‘ N,11° 33‘  33.8695‘‘ E,542,NaN,5.39,8,114.99,0 / 25,33505,2018-11-08 11:28:12:394
2.364,1.642,2.86,-0.4851,0.1659,9.7932,2.8491,1.4761,-6.9332,-27.73,22.56,36.63,274,0.31,56.75,-10.24,0.84,-2.84,4.84,1,49.186,48° 9‘  48.1119‘‘ N,11° 33‘  33.8695‘‘ E,542,NaN,5.39,8,114.99,0 / 25,33755,2018-11-08 11:28:12:644
1.41,1.645,1.395,-0.7559,0.2429,9.7745,2.1659,1.4021,-8.3795,33.79,-21.67,-28.18,253,3.45,48.77,-4.5,356.87,-1.42,4.42,1,58.47,48° 9‘  48.1119‘‘ N,11° 33‘  33.8695‘‘ E,542,NaN,5.39,8,114.99,0 / 25,34004,2018-11-08 11:28:12:893
-0.299,3.776,19.871,-1.5461,0.5594,9.6678,1.2471,3.2166,10.2032,20.07,-28.32,68.34,282,4.55,44.15,-1.27,353.77,2.23,8.68,1,56.378,48° 9‘  48.1119‘‘ N,11° 33‘  33.8695‘‘ E,542,NaN,5.39,8,114.99,0 / 25,34254,2018-11-08 11:28:13:143
0.152,1.998,4.115,-0.3845,-0.5804,9.7819,0.5365,2.5784,-5.6669,-53.56,98.86,-3.33,278,6.29,36.25,3.54,350.34,3.39,2.25,1,58.315,48° 9‘  48.1119‘‘ N,11° 33‘  33.8695‘‘ E,542,NaN,5.39,8,114.99,0 / 25,34505,2018-11-08 11:28:13:394
-0.064,0.572,1.914,-0.93,-0.2193,9.76,0.866,0.7913,-7.846,28.26,7.16,5.2,266,7.36,30.87,6.77,346.43,2.84,4.7,1,54.377,48° 9‘  48.1119‘‘ N,11° 33‘  33.8695‘‘ E,542,NaN,5.39,8,114.99,0 / 25,34754,2018-11-08 11:28:13:643
4.891,6.556,11.174,-1.8117,0.2581,9.6344,6.7027,6.2979,1.5396,19.09,-8.02,78.91,284,6.02,31.26,6.71,346.88,-1.51,10.65,1,54.377,48° 9‘  48.1119‘‘ N,11° 33‘  33.8695‘‘ E,542,NaN,5.39,8,114.99,0 / 25,35004,2018-11-08 11:28:13:893
3.281,2.858,2.223,-0.9381,-0.3942,9.7537,4.2191,3.2522,-7.5307,-22.34,13.53,15.21,271,5.68,31.91,6.85,348.23,1.26,5.94,1,49.764,48° 9‘  48.1119‘‘ N,11° 33‘  33.8695‘‘ E,542,NaN,5.39,8,114.99,0 / 25,35254,2018-11-08 11:28:14:143
0.303,0.916,9.681,-0.3176,1.014,9.7489,0.6206,-0.098,-0.0679,84.68,-18.45,-9.49,274,5.85,32.18,6.53,348.69,-5.94,1.87,1,57.194,48° 9‘  48.1119‘‘ N,11° 33‘  33.8695‘‘ E,542,NaN,5.39,8,114.99,0 / 25,35504,2018-11-08 11:28:14:393
-0.023,1.869,8.623,-0.0289,1.9351,9.6138,0.0059,-0.0661,-0.9908,32.32,-5.5,10.24,270,5.62,31.63,6.12,348.47,-9.32,2.45,1,48.896,48° 9‘  48.1119‘‘ N,11° 33‘  33.8695‘‘ E,542,NaN,5.39,8,114.99,0 / 25,35754,2018-11-08 11:28:14:643
0.944,2.773,9.965,0.078,1.8373,9.6327,0.866,0.9357,0.3323,-2.95,2.82,11.5,275,5.28,30.52,6.18,350.41,-10.8,-0.46,1,50.21,48° 9‘  48.1119‘‘ N,11° 33‘  33.8695‘‘ E,542,NaN,5.39,8,114.99,0 / 25,36005,2018-11-08 11:28:14:894
2.402,2.26,10.753,0.6907,1.8619,9.6035,1.7113,0.3981,1.1495,-16.67,-24.19,-46.73,276,5.21,29.29,5.81,350.24,-11.3,-2.98,1,46.633,48° 9‘  48.1119‘‘ N,11° 33‘  33.8695‘‘ E,542,NaN,5.39,8,114.99,0 / 25,36255,2018-11-08 11:28:15:144
2.145,2.268,9.01,0.7867,1.7037,9.6254,1.3583,0.5643,-0.6154,-5.47,-16.42,-56.11,267,4.13,28.4,5.05,352.35,-10,-4.67,1,46.633,48° 9‘  48.1119‘‘ N,11° 33‘  33.8695‘‘ E,542,NaN,5.39,8,114.99,0 / 25,36505,2018-11-08 11:28:15:394
-0.698,1.828,12.283,0.8187,1.4761,9.6603,-1.5167,0.3519,2.6227,16.08,19.34,-25.31,259,2.42,28.06,4.49,356.64,-8.88,-5.81,1,47.705,48° 9‘  48.1119‘‘ N,11° 33‘  33.8695‘‘ E,542,NaN,5.39,8,114.99,0 / 25,36755,2018-11-08 11:28:15:644
-2.724,2.634,5.303,-2.7438,2.7733,8.9973,0.0198,-0.1393,-3.6943,44.22,25.85,30.89,272,-0.5,26.95,4.42,359.51,-16.43,16.96,1,54.259,48° 9‘  48.1119‘‘ N,11° 33‘  33.8695‘‘ E,542,NaN,5.39,8,114.99,0 / 25,37005,2018-11-08 11:28:15:894
-1.015,1.566,9.415,-0.7597,1.6283,9.6406,-0.2553,-0.0623,-0.2256,-89.26,-121.35,19.06,305,-1.04,26.05,4.61,359.65,-15.79,12.94,1,54.646,48° 9‘  48.1119‘‘ N,11° 33‘  33.8695‘‘ E,542,NaN,5.39,8,114.99,0 / 25,37255,2018-11-08 11:28:16:144
0.02,1.954,9.865,0.1085,0.8023,9.7732,-0.0885,1.1517,0.0918,5.58,-1.79,19.62,325,-3.92,26.2,5.09,9.03,-4.69,-0.64,1,64.323,48° 9‘  48.1119‘‘ N,11° 33‘  33.8695‘‘ E,542,NaN,5.39,8,114.99,0 / 25,37505,2018-11-08 11:28:16:394
1.046,0.807,8.284,1.2572,1.1996,9.6515,-0.2112,-0.3926,-1.3675,28.68,-11.45,14.65,297,-6.94,26.32,5.69,16.81,-5.91,-6.69,1,64.323,48° 9‘  48.1119‘‘ N,11° 33‘  33.8695‘‘ E,542,NaN,5.39,8,114.99,0 / 25,37755,2018-11-08 11:28:16:644
1.529,1.067,10.542,1.106,1.1597,9.6748,0.423,-0.0927,0.8672,-16.53,-0.81,31.52,306,-12.22,25.79,7.01,26.87,-7.27,-6.44,1,65.58,48° 9‘  48.1119‘‘ N,11° 33‘  33.8695‘‘ E,542,NaN,5.39,8,114.99,0 / 25,38004,2018-11-08 11:28:16:893
-0.409,0.607,9.147,0.9116,0.5002,9.7514,-1.3206,0.1068,-0.6044,21.96,18.57,43.35,294,-15.66,25.42,7.8,34.36,-3.57,-6.48,1,67.433,48° 9‘  48.1119‘‘ N,11° 33‘  33.8695‘‘ E,542,NaN,5.39,8,114.99,0 / 25,38254,2018-11-08 11:28:17:143
0.568,1.136,8.519,0.8703,0.2287,9.7653,-0.3023,0.9073,-1.2463,3.06,1.7,32.43,262,-21.93,25.14,8.28,42.31,-1.34,-5.09,1,68.218,48° 9‘  48.1119‘‘ N,11° 33‘  33.8695‘‘ E,542,NaN,5.39,8,114.99,0 / 25,38504,2018-11-08 11:28:17:393
0.914,-0.443,12.319,0.5375,0.4297,9.7825,0.3765,-0.8727,2.5365,-25.07,3.38,-1.44,213,-27.71,25.94,8.28,48.03,-2.9,-4.51,1,67.658,48° 9‘  48.1119‘‘ N,11° 33‘  33.8695‘‘ E,542,NaN,5.39,8,114.99,0 / 25,38755,2018-11-08 11:28:17:644
0.513,0.633,7.959,0.4407,0.4891,9.7845,0.0723,0.1439,-1.8255,2.5,18.36,13.32,179,-32.17,25.82,8.08,51.61,-2.83,-3.11,1,67.658,48° 9‘  48.1119‘‘ N,11° 33‘  33.8695‘‘ E,542,NaN,5.39,8,114.99,0 / 25,39005,2018-11-08 11:28:17:894
0.498,1.044,12.527,0.5624,0.6335,9.77,-0.0644,0.4105,2.757,4.39,-6.48,13.32,156,-37.08,24.77,5.61,56.43,-3.35,-2.44,1,65.963,48° 9‘  48.1119‘‘ N,11° 33‘  33.8695‘‘ E,542,NaN,5.39,8,114.99,0 / 25,39255,2018-11-08 11:28:18:144
-0.109,-0.272,10.177,0.5881,0.151,9.7878,-0.6971,-0.423,0.3892,-0.01,-26.37,21.51,147,-38.86,24.74,1.23,57.31,-0.88,-3.44,1,61.582,48° 9‘  48.1119‘‘ N,11° 33‘  33.8695‘‘ E,542,NaN,5.39,8,114.99,0 / 25,39504,2018-11-08 11:28:18:393
-0.342,0.828,10.385,-0.1463,0.755,9.7764,-0.1957,0.073,0.6086,35.82,6.6,4.43,150,-38.4,24.68,-2.55,56.62,-2.24,1.02,1,61.582,48° 9‘  48.1119‘‘ N,11° 33‘  33.8695‘‘ E,542,NaN,5.39,8,114.99,0 / 25,39754,2018-11-08 11:28:18:643
1.469,0.549,10.38,0.7887,0.3805,9.7675,0.6803,0.1685,0.6125,38.27,-12.01,5.76,154,-34.65,23.34,-8.69,55.78,-1.43,-4.26,1,60.884,48° 9‘  48.1119‘‘ N,11° 33‘  33.8695‘‘ E,542,NaN,5.39,8,114.99,0 / 25,40004,2018-11-08 11:28:18:893
0.047,0.784,8.528,0.6842,1.0962,9.7211,-0.6372,-0.3122,-1.1931,-59.58,26.34,-4.1,144,-30.14,21.25,-12.91,51.56,-7.73,-4.7,1,60.846,48° 9‘  48.1119‘‘ N,11° 33‘  33.8695‘‘ E,542,NaN,5.39,8,114.99,0 / 25,40255,2018-11-08 11:28:19:144
0.259,0.642,8.671,0.6536,0.9959,9.734,-0.3946,-0.3539,-1.063,-50.41,14.37,2.9,151,-27.25,21.04,-14.94,48.94,-5.83,-3.84,1,60.846,48° 9‘  48.1119‘‘ N,11° 33‘  33.8695‘‘ E,542,NaN,5.39,8,114.99,0 / 25,40505,2018-11-08 11:28:19:394
-0.495,1.417,7.297,-0.1,0.9,9.7648,-0.395,0.517,-2.4678,-13.87,9.54,9.68,166,-14.1,21.14,-20.56,32.11,-5.12,0.8,1,63.267,48° 9‘  48.1119‘‘ N,11° 33‘  33.8695‘‘ E,542,NaN,5.39,8,114.99,0 / 25,40755,2018-11-08 11:28:19:644
-0.379,1.419,10.47,-0.3434,0.9428,9.7552,-0.0356,0.4762,0.7148,0.2,-12.29,-2.84,166,-4.25,21.62,-21.23,11.34,-5.51,2.17,1,59.905,48° 9‘  48.1119‘‘ N,11° 33‘  33.8695‘‘ E,542,NaN,5.39,8,114.99,0 / 25,41005,2018-11-08 11:28:19:894
1.152,0.43,10.201,0.3934,0.3932,9.7909,0.7586,0.0368,0.4101,19.58,8.91,7.58,174,0.68,22.36,-20.68,355.01,-1.77,-2.67,1,59.905,48° 9‘  48.1119‘‘ N,11° 33‘  33.8695‘‘ E,542,NaN,5.39,8,114.99,0 / 25,41255,2018-11-08 11:28:20:144
0.18,1.151,7.639,-0.1001,0.8029,9.7732,0.2801,0.3481,-2.1342,12.09,25.01,1.71,178,7.09,25.01,-18.17,345.52,-4.7,0.59,1,55.482,48° 9‘  48.1119‘‘ N,11° 33‘  33.8695‘‘ E,542,NaN,5.39,8,114.99,0 / 25,41505,2018-11-08 11:28:20:394
-0.722,0.781,12.081,-0.4862,0.7208,9.768,-0.2358,0.0602,2.313,-7.01,-3.68,2.69,183,10.07,27.71,-15.42,342.06,-3.95,2.3,1,60.355,48° 9‘  48.1119‘‘ N,11° 33‘  33.8695‘‘ E,542,NaN,5.39,8,114.99,0 / 25,41755,2018-11-08 11:28:20:644
-0.634,1.32,8.179,-0.4468,0.5768,9.7795,-0.1872,0.7432,-1.6005,-18.56,-13.34,15.7,195,11.63,29.48,-10.8,338.93,-3.69,2.87,1,53.524,48° 9‘  48.1119‘‘ N,11° 33‘  33.8695‘‘ E,542,NaN,5.39,8,114.99,0 / 25,42004,2018-11-08 11:28:20:893
-0.282,0.761,9.467,-0.4076,0.149,9.797,0.1256,0.612,-0.33,-11.56,-2.28,9.89,205,11.83,29.96,-7.49,338.9,-0.96,2.94,1,53.524,48° 9‘  48.1119‘‘ N,11° 33‘  33.8695‘‘ E,542,NaN,5.39,8,114.99,0 / 25,42255,2018-11-08 11:28:21:144
0.131,-2.707,14.68,0.4926,-0.632,9.7739,-0.3616,-2.075,4.9061,-25.98,-37.98,1.01,203,10.8,30.4,-4.7,339.59,2.12,-1.05,1,64.134,48° 9‘  48.1119‘‘ N,11° 33‘  33.8695‘‘ E,542,NaN,5.39,8,114.99,0 / 25,42505,2018-11-08 11:28:21:394
0.282,0.586,7.306,0.2849,0.0617,9.8023,-0.0029,0.5243,-2.4963,2.85,33.76,5.62,199,9.34,31,-0.16,343.83,-0.4,-2.85,1,57.023,48° 9‘  48.1119‘‘ N,11° 33‘  33.8695‘‘ E,542,NaN,5.39,8,114.99,0 / 25,42755,2018-11-08 11:28:21:644
-0.63,-0.176,12.128,-0.2688,0.2679,9.7993,-0.3612,-0.4439,2.3287,5.09,14.79,3.04,199,7.57,31.37,3.66,345.29,-1.57,1.57,1,61.802,48° 9‘  48.1119‘‘ N,11° 33‘  33.8695‘‘ E,542,NaN,5.39,8,114.99,0 / 25,43004,2018-11-08 11:28:21:893
-0.306,0.28,8.736,-0.3075,-0.0526,9.8017,0.0015,0.3326,-1.0657,-7.22,4.22,13.32,218,5.84,31.93,5.97,349.03,0.87,2.14,1,61.802,48° 9‘  48.1119‘‘ N,11° 33‘  33.8695‘‘ E,542,NaN,5.39,8,114.99,0 / 25,43255,2018-11-08 11:28:22:144
-1.025,0.56,8.644,-0.5035,0.1512,9.7925,-0.5215,0.4088,-1.1485,4.39,-7.25,19.41,217,2.95,33.37,7.88,354.08,-0.88,2.94,1,59.714,48° 9‘  48.1119‘‘ N,11° 33‘  33.8695‘‘ E,542,NaN,5.39,8,114.99,0 / 25,43505,2018-11-08 11:28:22:394
0.11,1.076,9.533,-0.3045,0.2992,9.7974,0.4145,0.7768,-0.2644,-8.41,-8.23,9.12,216,0.73,34.37,8.32,357.69,-2.05,2.56,1,63.879,48° 9‘  48.1119‘‘ N,11° 33‘  33.8695‘‘ E,542,NaN,5.39,8,114.99,0 / 25,43755,2018-11-08 11:28:22:644
1.082,-1.392,15.085,0.2305,-0.0173,9.8039,0.8515,-1.3747,5.2811,-26.68,-33.64,-15.02,205,-3.26,36.23,8.08,5.06,0.1,-1.35,1,57.029,48° 9‘  48.1119‘‘ N,11° 33‘  33.8695‘‘ E,542,NaN,5.39,8,114.99,0 / 25,44005,2018-11-08 11:28:22:894
0.737,0.66,7.603,-0.0789,0.3078,9.8015,0.8159,0.3522,-2.1985,10.06,9.19,-8.86,205,-7.01,37.58,7.45,10.48,-0.74,-0.08,1,64.202,48° 9‘  48.1119‘‘ N,11° 33‘  33.8695‘‘ E,542,NaN,5.39,8,114.99,0 / 25,44255,2018-11-08 11:28:23:144
0.424,1.426,9.624,-0.1311,0.9018,9.7642,0.5551,0.5242,-0.1402,-0.5,12.9,-19.15,215,-12.7,37.86,4.81,19.09,-5.28,0.77,1,64.202,48° 9‘  48.1119‘‘ N,11° 33‘  33.8695‘‘ E,542,NaN,5.39,8,114.99,0 / 25,44504,2018-11-08 11:28:23:393
-1.772,-1.748,13.705,-0.1834,0.2561,9.8016,-1.5886,-2.0041,3.9034,0.06,19.55,28.09,235,-15.89,37.22,2.78,23.47,-4.58,1.92,1,62.494,48° 9‘  48.1119‘‘ N,11° 33‘  33.8695‘‘ E,542,NaN,5.39,8,114.99,0 / 25,44755,2018-11-08 11:28:23:644
-1.043,1.085,8.537,-0.4813,0.5793,9.7777,-0.5617,0.5057,-1.2407,-2.39,13.11,23.19,247,-19.58,36.14,-0.04,29.11,-3.46,2.51,1,63.184,48° 9‘  48.1119‘‘ N,11° 33‘  33.8695‘‘ E,542,NaN,5.39,8,114.99,0 / 25,45004,2018-11-08 11:28:23:893
-1.083,2.223,9.593,-0.4289,0.8506,9.7603,-0.6541,1.3724,-0.1673,-13.31,-9.28,17.38,254,-21.29,35.46,-1.43,31.1,-5.13,2.8,1,63.184,48° 9‘  48.1119‘‘ N,11° 33‘  33.8695‘‘ E,542,NaN,5.39,8,114.99,0 / 25,45255,2018-11-08 11:28:24:144
0.251,-1.293,12.292,0.1214,-0.0114,9.8059,0.1296,-1.2816,2.4861,-2.6,-5.43,41.11,299,-21.97,34.9,-3.5,32.1,0.07,-0.71,1,65.124,48° 9‘  48.1119‘‘ N,11° 33‘  33.8695‘‘ E,542,NaN,5.39,8,114.99,0 / 25,45505,2018-11-08 11:28:24:394
0.449,1.015,6.793,-0.1612,0.9108,9.7629,0.6102,0.1042,-2.9699,23.29,17.66,53.85,303,-19.87,34.59,-4.18,29.61,-3.5,-0.07,1,62.195,48° 9‘  48.1119‘‘ N,11° 33‘  33.8695‘‘ E,542,NaN,5.39,8,114.99,0 / 25,45755,2018-11-08 11:28:24:644
-0.007,0.753,10.455,-0.5426,0.9319,9.7472,0.5356,-0.1789,0.7078,-4.77,17.45,56.58,292,-14.22,35.46,-5.1,22.02,-5.45,3.19,1,63.446,48° 9‘  48.1119‘‘ N,11° 33‘  33.8695‘‘ E,542,NaN,5.39,8,114.99,0 / 25,46005,2018-11-08 11:28:24:894
-0.666,0.193,11.125,-0.606,1.1234,9.7232,-0.06,-0.9304,1.4018,-21.5,-6.69,53.36,308,-9.07,36.35,-5.26,14.42,-7.17,3.94,1,63.446,48° 9‘  48.1119‘‘ N,11° 33‘  33.8695‘‘ E,542,NaN,5.39,8,114.99,0 / 25,46255,2018-11-08 11:28:25:144
-1.383,0.664,10.999,-0.6688,0.8746,9.7446,-0.7142,-0.2106,1.2544,-19.61,-2.7,28.3,313,-0.42,36.35,-4.42,0.43,-5.29,3.87,1,65.342,48° 9‘  48.1119‘‘ N,11° 33‘  33.8695‘‘ E,542,NaN,5.39,8,114.99,0 / 25,46505,2018-11-08 11:28:25:394
-0.842,1.385,8.994,-1.061,0.7557,9.7197,0.219,0.6293,-0.7257,-0.85,-6.9,27.25,337,5.48,35.83,-3.55,352.89,-4.38,6.44,1,64.507,48° 9‘  48.1119‘‘ N,11° 33‘  33.8695‘‘ E,542,NaN,5.39,8,114.99,0 / 25,46755,2018-11-08 11:28:25:644
-0.917,1,11.058,-0.6343,0.626,9.7661,-0.2827,0.374,1.2919,1.18,-7.39,23.47,349,13.79,33.07,-2.55,337.46,-3.64,3.81,1,68.127,48° 9‘  48.1119‘‘ N,11° 33‘  33.8695‘‘ E,542,NaN,5.39,8,114.99,0 / 25,47004,2018-11-08 11:28:25:893
0.27,-0.795,12.576,0.0119,0.648,9.7852,0.2581,-1.443,2.7908,-20.87,-19.85,1.64,342,17.5,30.05,-2.19,330.57,-5.16,0.81,1,67.543,48° 9‘  48.1119‘‘ N,11° 33‘  33.8695‘‘ E,542,NaN,5.39,8,114.99,0 / 25,47254,2018-11-08 11:28:26:143
0.291,0.594,7.727,-0.0265,1.064,9.7487,0.3175,-0.47,-2.0217,3.2,-2.08,18.78,342,20.89,24.33,-2.11,318.92,-6.23,0.16,1,67.543,48° 9‘  48.1119‘‘ N,11° 33‘  33.8695‘‘ E,542,NaN,5.39,8,114.99,0 / 25,47505,2018-11-08 11:28:26:394
0.743,1.587,9.22,-0.0764,1.3157,9.7177,0.8194,0.2713,-0.4977,-3.44,6.25,4.43,351,22.69,19.88,-1.99,311.16,-7.85,0.21,1,67.53,48° 9‘  48.1119‘‘ N,11° 33‘  33.8695‘‘ E,542,NaN,5.39,8,114.99,0 / 25,47755,2018-11-08 11:28:26:644
-0.572,-0.284,10.566,-0.1181,0.4384,9.7961,-0.4539,-0.7224,0.7699,18.67,22.7,34.46,373,24.64,13.72,-3.03,299.47,-2.44,0.24,1,71.072,48° 9‘  48.1119‘‘ N,11° 33‘  33.8695‘‘ E,542,NaN,5.39,8,114.99,0 / 25,48004,2018-11-08 11:28:26:893
-0.23,0.749,8.793,-0.1506,0.4556,9.7949,-0.0794,0.2934,-1.0019,-15.2,6.46,6.6,372,26.35,9.65,-3.31,291.4,-3.63,0.42,1,66.562,48° 9‘  48.1119‘‘ N,11° 33‘  33.8695‘‘ E,542,NaN,5.39,8,114.99,0 / 25,48254,2018-11-08 11:28:27:143
0.642,0.941,11.457,0.2286,0.5845,9.7865,0.4134,0.3565,1.6705,-5.54,-37.84,-5.15,384,31.08,4.54,-3.27,279.42,-3.51,-0.71,1,66.562,48° 9‘  48.1119‘‘ N,11° 33‘  33.8695‘‘ E,542,NaN,5.39,8,114.99,0 / 25,48504,2018-11-08 11:28:27:393
1.548,0.407,7.897,0.9423,0.5364,9.7465,0.6057,-0.1294,-1.8495,31.2,0.03,-12.92,386,35.99,2.37,-3.23,273.14,-1.17,-6.32,1,63.656,48° 9‘  48.1119‘‘ N,11° 33‘  33.8695‘‘ E,542,NaN,5.39,8,114.99,0 / 25,48754,2018-11-08 11:28:27:643
0.84,1.478,7.816,0.6851,0.6582,9.7605,0.1549,0.8198,-1.9445,11.89,-2.7,7.93,391,44.48,2.44,-0.08,272.33,-3.85,-4.02,1,62.712,48° 9‘  48.1119‘‘ N,11° 33‘  33.8695‘‘ E,542,NaN,5.39,8,114.99,0 / 25,49004,2018-11-08 11:28:27:893
1.168,0.94,11.422,0.4462,0.8134,9.7627,0.7218,0.1266,1.6593,13.49,8.49,7.58,401,49.06,4.85,2.54,275.31,-4.54,-3.23,1,64.344,48° 9‘  48.1119‘‘ N,11° 33‘  33.8695‘‘ E,542,NaN,5.39,8,114.99,0 / 25,49255,2018-11-08 11:28:28:144
-0.128,0.793,8.487,0.2407,0.4624,9.7928,-0.3687,0.3306,-1.3058,5.72,1.43,16.19,438,54.2,10.06,7.36,280.13,-2.61,-1.42,1,66.913,48° 9‘  48.1119‘‘ N,11° 33‘  33.8695‘‘ E,542,NaN,5.39,8,114.99,0 / 25,49504,2018-11-08 11:28:28:393
0.49,1.312,8.507,0.1666,0.3306,9.7997,0.3234,0.9814,-1.2927,4.53,-0.89,8.21,453,55.91,14.32,9.95,283.79,-1.52,-0.8,1,67.053,48° 9‘  48.1119‘‘ N,11° 33‘  33.8695‘‘ E,542,NaN,5.39,8,114.99,0 / 25,49754,2018-11-08 11:28:28:643
1.287,-1.43,13.854,0.8079,0.0884,9.7729,0.4791,-1.5184,4.0811,-13.03,-28.04,-16.07,489,55.3,22.08,13.54,291.97,-0.86,-4.07,1,67.053,48° 9‘  48.1119‘‘ N,11° 33‘  33.8695‘‘ E,542,NaN,5.39,8,114.99,0 / 25,50005,2018-11-08 11:28:28:894
1.185,1.081,6.635,0.9728,0.4328,9.7487,0.2122,0.6482,-3.1137,-5.75,4.22,-16.42,469,52.07,27.7,15.41,298.3,-2.74,-6.01,1,66.271,48° 9‘  48.1119‘‘ N,11° 33‘  33.8695‘‘ E,542,NaN,5.39,8,114.99,0 / 25,50255,2018-11-08 11:28:29:144
0.542,0.46,10.919,0.5048,0.5478,9.7783,0.0372,-0.0878,1.1407,-3.3,12.97,-3.05,508,43.03,34.15,15.57,308.06,-3.27,-3.31,1,66.7,48° 9‘  48.1119‘‘ N,11° 33‘  33.8695‘‘ E,542,NaN,5.39,8,114.99,0 / 25,50505,2018-11-08 11:28:29:394
-0.285,0.584,8.647,0.0089,0.2869,9.8024,-0.2939,0.2971,-1.1554,21.05,-8.09,32.36,555,36.34,36.38,14.3,315.11,-0.68,-1.27,1,66.453,48° 9‘  48.1119‘‘ N,11° 33‘  33.8695‘‘ E,542,NaN,5.39,8,114.99,0 / 25,50754,2018-11-08 11:28:29:643
-0.259,1.2,7.763,-0.1944,0.4658,9.7937,-0.0646,0.7342,-2.0307,9.85,0.66,17.73,556,27.22,37.25,10.91,323.26,-2.72,1.14,1,66.453,48° 9‘  48.1119‘‘ N,11° 33‘  33.8695‘‘ E,542,NaN,5.39,8,114.99,0 / 25,51004,2018-11-08 11:28:29:893
1.387,1.277,10.605,0.1921,0.4363,9.7951,1.1949,0.8407,0.8099,-29.76,-44.84,-32.38,582,21.47,36.79,7.72,330.39,-1.89,-0.98,1,65.997,48° 9‘  48.1119‘‘ N,11° 33‘  33.8695‘‘ E,542,NaN,5.39,8,114.99,0 / 25,51254,2018-11-08 11:28:30:143
0.576,0.35,7.608,0.4567,0.2338,9.7932,0.1193,0.1162,-2.1852,7.54,1.63,-6.34,597,14.08,33.41,2.58,337.19,-1.23,-2.73,1,65.308,48° 9‘  48.1119‘‘ N,11° 33‘  33.8695‘‘ E,542,NaN,5.39,8,114.99,0 / 25,51505,2018-11-08 11:28:30:394
-0.154,0.681,9.417,0.1368,0.4076,9.7972,-0.2908,0.2734,-0.3802,-17.65,10.1,-2.28,604,11.66,29.42,0.19,337.49,-3.1,-1.46,1,67.238,48° 9‘  48.1119‘‘ N,11° 33‘  33.8695‘‘ E,542,NaN,5.39,8,114.99,0 / 25,51755,2018-11-08 11:28:30:644
-0.056,-1.806,15.456,0.0792,-0.0786,9.806,-0.1352,-1.7274,5.65,-36.2,-9.92,18.71,660,11.3,23.44,-2.27,334.39,0.46,-0.46,1,62.555,48° 9‘  48.1119‘‘ N,11° 33‘  33.8695‘‘ E,542,NaN,5.39,8,114.99,0 / 25,52004,2018-11-08 11:28:30:893
-0.674,0.643,7.956,-0.4029,0.0624,9.7982,-0.2711,0.5806,-1.8422,7.33,-5.43,16.12,697,12.69,19.94,-2.91,327.21,0.52,2.4,1,62.555,48° 9‘  48.1119‘‘ N,11° 33‘  33.8695‘‘ E,542,NaN,5.39,8,114.99,0 / 25,52255,2018-11-08 11:28:31:144
-1.053,1.301,9.855,-0.246,0.4256,9.7943,-0.807,0.8754,0.0607,-16.81,0.52,15.7,691,14.88,16.15,-1.51,317.11,-2.76,1.34,1,65.299,48° 9‘  48.1119‘‘ N,11° 33‘  33.8695‘‘ E,542,NaN,5.39,8,114.99,0 / 25,52505,2018-11-08 11:28:31:394
0.179,-1.387,14.174,0.21,-0.1405,9.8034,-0.031,-1.2465,4.3706,-43.69,-46.45,22.56,780,16.33,14.24,-0.12,311.18,-1.28,0.11,1,64.179,48° 9‘  48.1119‘‘ N,11° 33‘  33.8695‘‘ E,542,NaN,5.39,8,114.99,0 / 25,52755,2018-11-08 11:28:31:644
0.854,1.304,7.267,0.4314,0.5876,9.7795,0.4226,0.7164,-2.5125,30.99,12.06,42.58,863,18.09,12.73,3.22,305.63,-2.9,-2.64,1,61.947,48° 9‘  48.1119‘‘ N,11° 33‘  33.8695‘‘ E,542,NaN,5.39,8,114.99,0 / 25,53004,2018-11-08 11:28:31:893
0.267,0.961,10.018,0.1327,0.9599,9.7587,0.1343,0.0011,0.2593,-7.64,3.94,39.71,867,17.92,12.24,5.53,302.12,-6.21,-0.6,1,61.135,48° 9‘  48.1119‘‘ N,11° 33‘  33.8695‘‘ E,542,NaN,5.39,8,114.99,0 / 25,53254,2018-11-08 11:28:32:143
-0.546,-0.3,11.587,0.0747,0.7937,9.7742,-0.6207,-1.0937,1.8128,-18.91,-1.44,67.01,909,16.01,10.39,8.96,300.08,-4.64,-0.44,1,61.135,48° 9‘  48.1119‘‘ N,11° 33‘  33.8695‘‘ E,542,NaN,5.39,8,114.99,0 / 25,53505,2018-11-08 11:28:32:394
-0.781,1.261,8.535,5.00E-04,1.0631,9.7489,-0.7815,0.1979,-1.2139,6.42,6.95,56.51,950,12.82,8.8,10.47,301.57,-5.86,-0.66,1,55.048,48° 9‘  48.1119‘‘ N,11° 33‘  33.8695‘‘ E,542,NaN,5.39,8,114.99,0 / 25,53755,2018-11-08 11:28:32:644
0.143,1.065,11.956,-0.0207,1.1311,9.7412,0.1637,-0.0661,2.2148,3.55,-3.54,28.51,1011,6.29,6.52,11.78,312.64,-6.64,0.22,1,61.903,48° 9‘  48.1119‘‘ N,11° 33‘  33.8695‘‘ E,542,NaN,5.39,8,114.99,0 / 25,54004,2018-11-08 11:28:32:893
0.817,0.819,8.26,0.5479,1.6258,9.6554,0.2691,-0.8068,-1.3954,35.33,-3.26,37.12,1042,1.52,4.82,13.02,338.25,-7.72,-3.19,1,56.667,48° 9‘  48.1119‘‘ N,11° 33‘  33.8695‘‘ E,542,NaN,5.39,8,114.99,0 / 25,54255,2018-11-08 11:28:33:144
0.942,1.939,9.513,0.0381,1.8407,9.6323,0.9039,0.0983,-0.1193,2.99,17.94,32.22,1002,-5.57,1.27,14.81,106.68,-10.8,-0.32,1,56.667,48° 9‘  48.1119‘‘ N,11° 33‘  33.8695‘‘ E,542,NaN,5.39,8,114.99,0 / 25,54505,2018-11-08 11:28:33:394
0.026,1.915,10.295,-0.1497,1.9224,9.6152,0.1757,-0.0074,0.6798,-8.55,-6.41,9.75,944,-9.74,-1.11,15.09,111.28,-11.05,0.28,1,52.669,48° 9‘  48.1119‘‘ N,11° 33‘  33.8695‘‘ E,542,NaN,5.39,8,114.99,0 / 25,54754,2018-11-08 11:28:33:643
-0.199,1.748,8.382,-0.0887,2.1508,9.5675,-0.1103,-0.4028,-1.1855,12.02,-5.64,6.32,926,-14.32,-3.63,15.77,118.24,-12.67,0.53,1,57.953,48° 9‘  48.1119‘‘ N,11° 33‘  33.8695‘‘ E,542,NaN,5.39,8,114.99,0 / 25,55004,2018-11-08 11:28:33:893
-0.005,2.022,10.617,-0.1118,1.8899,9.6222,0.1068,0.1321,0.9948,-17.93,-20.97,-2.77,934,-16.04,-4.76,16.13,117.93,-12,1.28,1,58.244,48° 9‘  48.1119‘‘ N,11° 33‘  33.8695‘‘ E,542,NaN,5.39,8,114.99,0 / 25,55254,2018-11-08 11:28:34:143
1.436,1.201,7.403,0.2314,1.6167,9.6697,1.2046,-0.4157,-2.2667,55.35,-12.08,13.32,921,-16.75,-5.71,16.76,115.78,-8.37,-1.06,1,61.221,48° 9‘  48.1119‘‘ N,11° 33‘  33.8695‘‘ E,542,NaN,5.39,8,114.99,0 / 25,55504,2018-11-08 11:28:34:393
0.861,2.015,9.325,-0.1455,1.6074,9.6729,1.0065,0.4076,-0.3479,-7.29,4.57,8.84,855,-16.18,-6.29,16.64,119.2,-9.9,0.51,1,61.221,48° 9‘  48.1119‘‘ N,11° 33‘  33.8695‘‘ E,542,NaN,5.39,8,114.99,0 / 25,55754,2018-11-08 11:28:34:643
0.154,0.97,12.082,-0.1714,1.1822,9.7336,0.3254,-0.2122,2.3484,-27.03,-26.08,1.98,807,-15.32,-5.78,17.08,119.36,-7.47,1.38,1,64.453,48° 9‘  48.1119‘‘ N,11° 33‘  33.8695‘‘ E,542,NaN,5.39,8,114.99,0 / 25,56004,2018-11-08 11:28:34:893
-0.527,1.243,8.465,0.1097,1.4354,9.7004,-0.6367,-0.1924,-1.2354,9.78,-10.68,1.5,762,-15.33,-5.2,16.82,116.15,-8.45,-0.43,1,69.093,48° 9‘  48.1119‘‘ N,11° 33‘  33.8695‘‘ E,542,NaN,5.39,8,114.99,0 / 25,56255,2018-11-08 11:28:35:144
0.281,1.517,12.39,0.7457,1.0137,9.7256,-0.4647,0.5033,2.6644,-10.86,-26.29,17.52,769,-14.87,-4.3,16.88,109.37,-6.1,-3.93,1,64.876,48° 9‘  48.1119‘‘ N,11° 33‘  33.8695‘‘ E,542,NaN,5.39,8,114.99,0 / 25,56504,2018-11-08 11:28:35:393
-0.28,0.348,9.015,0.4582,1.247,9.7162,-0.7382,-0.899,-0.7012,48.7,35.51,49.37,762,-14.48,-3.11,17.19,107.99,-7.46,-5.04,1,57.463,48° 9‘  48.1119‘‘ N,11° 33‘  33.8695‘‘ E,542,NaN,5.39,8,114.99,0 / 25,56754,2018-11-08 11:28:35:643
-0.028,1.738,9.133,-0.4467,1.6795,9.6514,0.4187,0.0585,-0.5184,-5.33,11.36,86.75,753,-14.82,-1.9,17.6,110.13,-9.92,2.65,1,57.463,48° 9‘  48.1119‘‘ N,11° 33‘  33.8695‘‘ E,542,NaN,5.39,8,114.99,0 / 25,57004,2018-11-08 11:28:35:893
0.359,1.586,9.852,-0.5208,1.6652,9.6502,0.8798,-0.0792,0.2018,-7.36,33.06,71.35,770,-15.07,-1.6,17.59,109.62,-9.94,1.71,1,70.772,48° 9‘  48.1119‘‘ N,11° 33‘  33.8695‘‘ E,542,NaN,5.39,8,114.99,0 / 25,57254,2018-11-08 11:28:36:143
0.543,1.161,11.245,-0.0204,1.3478,9.7136,0.5634,-0.1868,1.5314,-14.85,-5.85,15.7,836,-16.51,1.17,17.75,95.55,-8.3,0.61,1,66.289,48° 9‘  48.1119‘‘ N,11° 33‘  33.8695‘‘ E,542,NaN,5.39,8,114.99,0 / 25,57504,2018-11-08 11:28:36:393
-0.029,1.919,9.456,-0.455,1.056,9.739,0.426,0.863,-0.283,-7.5,-4.6,-9.63,1145,-18.44,2.6,17.2,87.67,-7.34,2.69,1,62.856,48° 9‘  48.1119‘‘ N,11° 33‘  33.8695‘‘ E,542,NaN,5.39,8,114.99,0 / 25,57754,2018-11-08 11:28:36:643
0.628,2.54,7.441,-0.2287,1.4527,9.6958,0.8567,1.0873,-2.2548,36.45,-11.24,-33.36,1385,-20.51,3.76,16.41,85.5,-8.14,1.45,1,62.856,48° 9‘  48.1119‘‘ N,11° 33‘  33.8695‘‘ E,542,NaN,5.39,8,114.99,0 / 25,58004,2018-11-08 11:28:36:893
0.345,0.786,9.668,0.6082,1.204,9.7134,-0.2632,-0.418,-0.0454,-25.98,1.14,-42.46,2035,-21.95,3.76,15.57,84.9,-7.51,-3.35,1,56.132,48° 9‘  48.1119‘‘ N,11° 33‘  33.8695‘‘ E,542,NaN,5.39,8,114.99,0 / 25,58254,2018-11-08 11:28:37:143
0.131,1.474,9.916,-0.2261,1.0084,9.7521,0.3571,0.4656,0.1639,-7.64,19.48,-27.06,2866,-23.51,3.34,14.06,86.4,-5.9,1.33,1,62.965,48° 9‘  48.1119‘‘ N,11° 33‘  33.8695‘‘ E,542,NaN,5.39,8,114.99,0 / 25,58504,2018-11-08 11:28:37:393
-0.033,-1.402,13.884,-0.062,1.123,9.7419,0.029,-2.525,4.1421,-15.34,-58.84,-68.29,3484,-23.59,2.28,12.62,89.88,-7.89,2.6,1,60.58,48° 9‘  48.1119‘‘ N,11° 33‘  33.8695‘‘ E,542,NaN,5.39,8,114.99,0 / 25,58754,2018-11-08 11:28:37:643
0.613,1.62,8.038,0.0928,1.5491,9.6831,0.5202,0.0709,-1.6451,25.32,-36.44,-116.45,3523,-22.39,-0.89,11.35,96.78,-8.66,-0.39,1,63.525,48° 9‘  48.1119‘‘ N,11° 33‘  33.8695‘‘ E,542,NaN,5.39,8,114.99,0 / 25,59004,2018-11-08 11:28:37:893
0.262,-2.403,10.462,1.584,1.9075,9.488,-1.322,-4.3105,0.974,-24.37,-71.02,-207.59,4077,-19.8,-3.6,10.91,104.66,-11.72,-7.85,1,63.525,48° 9‘  48.1119‘‘ N,11° 33‘  33.8695‘‘ E,542,NaN,5.39,8,114.99,0 / 25,59254,2018-11-08 11:28:38:143
-0.275,-0.617,10.425,1.5757,1.0217,9.6252,-1.8507,-1.6387,0.7998,5.79,-22.72,-123.31,2639,-12.91,-6.06,10.19,115,-5.71,-9.37,1,61.531,48° 9‘  48.1119‘‘ N,11° 33‘  33.8695‘‘ E,542,NaN,5.39,8,114.99,0 / 25,59504,2018-11-08 11:28:38:393
-0.014,-1.289,11.201,1.9941,1.3494,9.5065,-2.0081,-2.6384,1.6945,-33.96,-21.25,-161.53,3218,-7.15,-4.63,8.96,124.69,-8.22,-11.68,1,61.687,48° 9‘  48.1119‘‘ N,11° 33‘  33.8695‘‘ E,542,NaN,5.39,8,114.99,0 / 25,59754,2018-11-08 11:28:38:643
-2.264,0.408,9.216,0.5856,1.4905,9.675,-2.8496,-1.0825,-0.459,2.85,-2.28,-30.14,4283,0.4,0.5,7.21,99.4,-8.75,-3.65,1,65.97,48° 9‘  48.1119‘‘ N,11° 33‘  33.8695‘‘ E,542,NaN,5.39,8,114.99,0 / 25,60005,2018-11-08 11:28:38:894
-0.591,3.206,6.867,-0.5645,0.8019,9.7575,-0.0265,2.4041,-2.8905,47.79,21.16,20.53,4695,4.78,5.09,6.45,314.04,-1.76,-0.22,1,65.97,48° 9‘  48.1119‘‘ N,11° 33‘  33.8695‘‘ E,542,NaN,5.39,8,114.99,0 / 25,60255,2018-11-08 11:28:39:144
-1.016,1.594,7.955,-0.3858,1.5075,9.6824,-0.6302,0.0865,-1.7274,-7.15,3.38,-21.95,5054,10.72,13.09,5.41,317.36,-8.95,1.96,1,66.673,48° 9‘  48.1119‘‘ N,11° 33‘  33.8695‘‘ E,542,NaN,5.39,8,114.99,0 / 25,60505,2018-11-08 11:28:39:394
-0.008,1.385,9.462,-0.2089,1.4547,9.6959,0.2009,-0.0697,-0.2339,16.57,24.1,6.32,4996,13.12,18.92,4.25,324.45,-8.31,0.46,1,67.473,48° 9‘  48.1119‘‘ N,11° 33‘  33.8695‘‘ E,542,NaN,5.39,8,114.99,0 / 25,60755,2018-11-08 11:28:39:644
-0.134,1.618,10.127,-0.113,1.6014,9.6744,-0.021,0.0166,0.4526,7.26,0.45,7.65,5025,13.88,26.33,2.7,330.87,-9.4,0.67,1,66.198,48° 9‘  48.1119‘‘ N,11° 33‘  33.8695‘‘ E,542,NaN,5.39,8,114.99,0 / 25,61005,2018-11-08 11:28:39:894
-0.201,1.301,9.731,-0.2451,1.7028,9.6546,0.0441,-0.4018,0.0764,4.95,-0.32,2.13,5108,13.46,28.69,2.38,335.23,-10.01,1.26,1,66.198,48° 9‘  48.1119‘‘ N,11° 33‘  33.8695‘‘ E,542,NaN,5.39,8,114.99,0 / 25,61255,2018-11-08 11:28:40:144
-0.14,1.91,7.362,-0.2596,1.637,9.6656,0.1196,0.273,-2.3036,-9.74,4.5,2.62,5065,13.27,29.56,2.11,336,-9.61,1.54,1,66.099,48° 9‘  48.1119‘‘ N,11° 33‘  33.8695‘‘ E,542,NaN,5.39,8,114.99,0 / 25,61505,2018-11-08 11:28:40:394
-1.117,0.934,19.871,-0.3637,2.8418,9.3788,-0.7533,-1.9078,10.4922,35.68,14.37,-3.05,4858,13.07,29.48,1.87,334.65,-15.82,6.15,1,63.028,48° 9‘  48.1119‘‘ N,11° 33‘  33.8695‘‘ E,542,NaN,5.39,8,114.99,0 / 25,61755,2018-11-08 11:28:40:644
0.68,1.31,4.224,-0.0297,0.8801,9.767,0.7097,0.4299,-5.543,-18.77,6.53,44.89,5389,13.56,28.08,1.82,333.15,-5.71,0.04,1,57.97,48° 9‘  48.1119‘‘ N,11° 33‘  33.8695‘‘ E,542,NaN,5.39,8,114.99,0 / 25,62005,2018-11-08 11:28:40:894
-0.911,0.424,4.008,-0.3104,2.8557,9.3765,-0.6006,-2.4317,-5.3685,30.15,8,5.06,5224,13.75,27.41,1.07,331.53,-15.12,0.34,1,67.923,48° 9‘  48.1119‘‘ N,11° 33‘  33.8695‘‘ E,542,NaN,5.39,8,114.99,0 / 25,62255,2018-11-08 11:28:41:144
-2.982,4.646,19.871,-1.5358,2.0944,9.4565,-1.4462,2.5516,10.4145,-63.08,6.88,11.29,4895,15.07,25.35,1.58,328.22,-13.6,9.49,1,67.923,48° 9‘  48.1119‘‘ N,11° 33‘  33.8695‘‘ E,542,NaN,5.39,8,114.99,0 / 25,62505,2018-11-08 11:28:41:394
0.086,2.323,4.57,-0.2113,1.2409,9.7255,0.2973,1.0821,-5.1555,57.8,-32.45,1.71,5608,15.65,24.53,1.87,327,-5.64,2.92,1,67.667,48° 9‘  48.1119‘‘ N,11° 33‘  33.8695‘‘ E,542,NaN,5.39,8,114.99,0 / 25,62755,2018-11-08 11:28:41:644
-0.937,1.493,5.107,-0.2297,2.9765,9.3412,-0.7073,-1.4835,-4.2342,-10.72,31.24,-11.38,5096,16.76,23.87,1.58,322.72,-17.67,1.41,1,67.028,48° 9‘  48.1119‘‘ N,11° 33‘  33.8695‘‘ E,542,NaN,5.39,8,114.99,0 / 25,63005,2018-11-08 11:28:41:894
3.797,6.62,7.921,-0.8971,1.0275,9.7113,4.6941,5.5925,-1.7903,43.1,-107,69.25,4981,17.51,22.64,2.03,321.7,-3.55,4.93,1,59.348,48° 9‘  48.1119‘‘ N,11° 33‘  33.8695‘‘ E,542,NaN,5.39,8,114.99,0 / 25,63255,2018-11-08 11:28:42:144
-0.704,1.13,2.254,-0.3699,0.979,9.7506,-0.3341,0.151,-7.4966,76.56,45.38,30.47,5461,16.99,24.04,1.99,324.3,-5.73,2.17,1,59.348,48° 9‘  48.1119‘‘ N,11° 33‘  33.8695‘‘ E,542,NaN,5.39,8,114.99,0 / 25,63505,2018-11-08 11:28:42:394
-2.684,-0.037,9.825,-1.5132,2.9842,9.2182,-1.1708,-3.0212,0.6068,55.77,13.74,3.18,5089,17.27,23.63,2.26,323.23,-17.89,7.42,1,59.112,48° 9‘  48.1119‘‘ N,11° 33‘  33.8695‘‘ E,542,NaN,5.39,8,114.99,0 / 25,63754,2018-11-08 11:28:42:643
0.049,2.789,8.654,-0.4006,1.2266,9.7214,0.4496,1.5624,-1.0674,-56.15,-59.26,-38.33,5040,17.29,24.13,2.26,324.07,-8.5,3.06,1,59.631,48° 9‘  49.3616‘‘ N,11° 33‘  32.5340‘‘ E,522.9,NaN,0,8.9,243.66,25-May,64004,2018-11-08 11:28:42:893
0.891,1.752,2.848,-2.2556,-0.1903,9.5418,3.1466,1.9423,-6.6938,56.47,-35.39,94.66,5789,16.78,25.34,2.54,325.23,5.34,11.07,1,53.803,48° 9‘  49.3616‘‘ N,11° 33‘  32.5340‘‘ E,522.9,NaN,0,8.9,243.66,25-May,64254,2018-11-08 11:28:43:143
2.595,3.311,15.767,-1.0761,2.5094,9.4189,3.6711,0.8016,6.3481,33.79,63.78,14.58,5118,17.29,26.01,3.14,325.31,-14.49,6.1,1,51.765,48° 9‘  49.3616‘‘ N,11° 33‘  32.5340‘‘ E,522.9,NaN,0,8.9,243.66,25-May,64504,2018-11-08 11:28:43:393
1.283,5.039,4.283,-1.3293,0.6223,9.6962,2.6123,4.4167,-5.4132,93.64,-10.96,-21.39,5166,17.47,25.9,3.78,325.99,-4.9,12.13,1,51.765,48° 9‘  49.3616‘‘ N,11° 33‘  32.5340‘‘ E,522.9,NaN,0,8.9,243.66,25-May,64754,2018-11-08 11:28:43:643
1.734,1.532,1.993,-1.7511,1.356,9.5533,3.4851,0.176,-7.5603,90.63,-23.08,55.32,5595,18.47,26.26,4.1,324.39,-6.96,10.67,1,55.3,48° 9‘  49.3616‘‘ N,11° 33‘  32.5340‘‘ E,522.9,NaN,0,8.9,243.66,25-May,65004,2018-11-08 11:28:43:893
0.985,3.676,19.871,-0.6988,2.6219,9.4238,1.6838,1.0541,10.4472,-161.22,-109.45,-146.34,4454,18.59,26.41,4.34,320.97,-19.76,6.44,1,50.938,48° 9‘  49.3616‘‘ N,11° 33‘  32.5340‘‘ E,522.9,NaN,0,8.9,243.66,25-May,65255,2018-11-08 11:28:44:144
-1.077,0.828,5.922,0.5467,1.9886,9.5873,-1.6237,-1.1606,-3.6653,0.55,10.31,-13.27,3688,17.16,26.89,3.9,326.64,-11.7,-3.26,1,50.14,48° 9‘  49.3616‘‘ N,11° 33‘  32.5340‘‘ E,522.9,NaN,0,8.9,243.66,25-May,65505,2018-11-08 11:28:44:394
1.346,1.995,8.596,0.3014,1.0981,9.7403,1.0446,0.8969,-1.1443,-7.22,-36.37,17.73,3456,16.64,26.1,3.46,326.27,-7.37,-1.29,1,50.14,48° 9‘  49.3616‘‘ N,11° 33‘  32.5340‘‘ E,522.9,NaN,0,8.9,243.66,25-May,65755,2018-11-08 11:28:44:644
1.1,2.041,8.229,0.722,1.4828,9.667,0.378,0.5582,-1.438,0.69,-10.47,-7.6,3081,14.71,26.29,2.98,329.56,-8.7,-4.27,1,53.347,48° 9‘  49.3616‘‘ N,11° 33‘  32.5340‘‘ E,522.9,NaN,0,8.9,243.66,25-May,66005,2018-11-08 11:28:44:894
0.387,1.806,10.82,-0.1864,0.9273,9.7609,0.5734,0.8787,1.0591,2.36,1.56,10.38,3499,13.57,27.51,2.06,333.1,-6.16,0.66,1,47.67,48° 9‘  49.3616‘‘ N,11° 33‘  32.5340‘‘ E,522.9,NaN,0,8.9,243.66,25-May,66254,2018-11-08 11:28:45:143
0.365,1.735,9.399,-0.0397,1.4212,9.703,0.4047,0.3138,-0.304,2.08,-6.41,0.45,3479,12.29,26.95,1.39,335.69,-8.33,0.23,1,47.67,48° 9‘  49.3616‘‘ N,11° 33‘  32.5340‘‘ E,522.9,NaN,0,8.9,243.66,25-May,66505,2018-11-08 11:28:45:394
0.332,1.677,9.92,0.2977,1.4829,9.6893,0.0343,0.1941,0.2307,0.34,-8.65,-1.16,3363,11.21,27.44,1.51,337.44,-8.62,-1.39,1,43.744,48° 9‘  49.3616‘‘ N,11° 33‘  32.5340‘‘ E,522.9,NaN,0,8.9,243.66,25-May,66754,2018-11-08 11:28:45:643
0.584,1.885,9.24,0.7577,1.7871,9.6126,-0.1737,0.0979,-0.3726,5.16,-7.39,-5.78,3146,10.64,28.01,1.03,338.18,-10.5,-4.51,1,50.855,48° 9‘  49.3616‘‘ N,11° 33‘  32.5340‘‘ E,522.9,NaN,0,8.9,243.66,25-May,67005,2018-11-08 11:28:45:894
